2012-01-12 07:27:09 UTC	1.8.7	75.3125 requests per second	ruby 1.8.7 (2011-06-30 patchlevel 352) [i686-darwin10.8.0]
2012-01-12 07:40:27 UTC	1.8.7-head	75.72 requests per second	ruby 1.8.7 (2011-12-28 patchlevel 357) [i686-darwin10.8.0]
2012-01-12 07:48:05 UTC	1.9.2	105.17500000000001 requests per second	ruby 1.9.2p290 (2011-07-09 revision 32553) [x86_64-darwin10.8.0]
2012-01-12 08:04:50 UTC	1.9.2-head	106.33749999999999 requests per second	ruby 1.9.2p312 (2012-01-10 revision 34264) [x86_64-darwin10.8.0]
2012-01-12 08:12:52 UTC	1.9.3	108.195 requests per second	ruby 1.9.3p0 (2011-10-30 revision 33570) [x86_64-darwin10.8.0]
2012-01-12 08:28:01 UTC	1.9.3-head	108.5975 requests per second	ruby 1.9.3p25 (2012-01-12 revision 34276) [x86_64-darwin10.8.0]
2012-01-12 08:37:36 UTC	jruby	50.4925 requests per second	jruby 1.6.5 (ruby-1.8.7-p330) (2011-10-25 9dcd388) (Java HotSpot(TM) 64-Bit Server VM 1.6.0_29) [darwin-x86_64-java]
2012-01-12 09:00:24 UTC	jruby-head	50.125 requests per second	jruby 1.7.0.dev (ruby-1.8.7-p357) (2012-01-12 0e83d96) (Java HotSpot(TM) 64-Bit Server VM 1.6.0_29) [darwin-x86_64-java]
2012-01-12 09:33:12 UTC	rbx-head	46.675 requests per second	rubinius 2.0.0dev (1.8.7 963c7c2c yyyy-mm-dd JI) [x86_64-apple-darwin10.8.0]
2012-01-13 07:31:08 UTC	1.8.7	74.88 requests per second	ruby 1.8.7 (2011-06-30 patchlevel 352) [i686-darwin10.8.0]
2012-01-13 07:44:21 UTC	1.8.7-head	75.63 requests per second	ruby 1.8.7 (2011-12-28 patchlevel 357) [i686-darwin10.8.0]
2012-01-13 07:52:00 UTC	1.9.2	106.5725 requests per second	ruby 1.9.2p290 (2011-07-09 revision 32553) [x86_64-darwin10.8.0]
2012-01-13 08:08:44 UTC	1.9.2-head	105.87 requests per second	ruby 1.9.2p312 (2012-01-10 revision 34264) [x86_64-darwin10.8.0]
2012-01-13 08:16:46 UTC	1.9.3	107.655 requests per second	ruby 1.9.3p0 (2011-10-30 revision 33570) [x86_64-darwin10.8.0]
2012-01-13 08:32:02 UTC	1.9.3-head	108.8525 requests per second	ruby 1.9.3p27 (2012-01-13 revision 34290) [x86_64-darwin10.8.0]
2012-01-13 08:41:39 UTC	jruby	50.8675 requests per second	jruby 1.6.5 (ruby-1.8.7-p330) (2011-10-25 9dcd388) (Java HotSpot(TM) 64-Bit Server VM 1.6.0_29) [darwin-x86_64-java]
2012-01-14 07:28:13 UTC	1.8.7	74.465 requests per second	ruby 1.8.7 (2011-06-30 patchlevel 352) [i686-darwin10.8.0]
2012-01-14 07:42:00 UTC	1.8.7-head	75.3725 requests per second	ruby 1.8.7 (2011-12-28 patchlevel 357) [i686-darwin10.8.0]
2012-01-14 07:50:44 UTC	1.9.2	106.3125 requests per second	ruby 1.9.2p290 (2011-07-09 revision 32553) [x86_64-darwin10.8.0]
2012-01-14 08:07:33 UTC	1.9.2-head	105.7275 requests per second	ruby 1.9.2p312 (2012-01-10 revision 34264) [x86_64-darwin10.8.0]
2012-01-14 08:16:00 UTC	1.9.3	102.89 requests per second	ruby 1.9.3p0 (2011-10-30 revision 33570) [x86_64-darwin10.8.0]
2012-01-14 08:31:47 UTC	1.9.3-head	107.235 requests per second	ruby 1.9.3p27 (2012-01-13 revision 34290) [x86_64-darwin10.8.0]
2012-01-14 08:45:32 UTC	jruby	49.11 requests per second	jruby 1.6.5 (ruby-1.8.7-p330) (2011-10-25 9dcd388) (Java HotSpot(TM) 64-Bit Server VM 1.6.0_29) [darwin-x86_64-java]
2012-01-14 09:07:54 UTC	jruby-head	51.1675 requests per second	jruby 1.7.0.dev (ruby-1.8.7-p357) (2012-01-14 8368b24) (Java HotSpot(TM) 64-Bit Server VM 1.6.0_29) [darwin-x86_64-java]
2012-01-14 09:39:19 UTC	rbx-head	46.89000000000001 requests per second	rubinius 2.0.0dev (1.8.7 5cf0f362 yyyy-mm-dd JI) [x86_64-apple-darwin10.8.0]
2012-01-15 07:28:13 UTC	1.8.7	75.3175 requests per second	ruby 1.8.7 (2011-06-30 patchlevel 352) [i686-darwin10.8.0]
2012-01-15 07:42:03 UTC	1.8.7-head	75.49 requests per second	ruby 1.8.7 (2011-12-28 patchlevel 357) [i686-darwin10.8.0]
2012-01-15 07:50:45 UTC	1.9.2	106.205 requests per second	ruby 1.9.2p290 (2011-07-09 revision 32553) [x86_64-darwin10.8.0]
2012-01-15 08:07:39 UTC	1.9.2-head	105.81 requests per second	ruby 1.9.2p312 (2012-01-10 revision 34264) [x86_64-darwin10.8.0]
2012-01-15 08:16:10 UTC	1.9.3	108.285 requests per second	ruby 1.9.3p0 (2011-10-30 revision 33570) [x86_64-darwin10.8.0]
2012-01-15 08:31:44 UTC	1.9.3-head	108.245 requests per second	ruby 1.9.3p27 (2012-01-13 revision 34290) [x86_64-darwin10.8.0]
2012-01-15 08:44:10 UTC	jruby	50.2975 requests per second	jruby 1.6.5 (ruby-1.8.7-p330) (2011-10-25 9dcd388) (Java HotSpot(TM) 64-Bit Server VM 1.6.0_29) [darwin-x86_64-java]
2012-01-15 09:06:34 UTC	jruby-head	51.36 requests per second	jruby 1.7.0.dev (ruby-1.8.7-p357) (2012-01-15 8368b24) (Java HotSpot(TM) 64-Bit Server VM 1.6.0_29) [darwin-x86_64-java]
2012-01-17 07:33:10 UTC	1.8.7	74.58 requests per second	ruby 1.8.7 (2011-06-30 patchlevel 352) [i686-darwin10.8.0]
2012-01-17 07:55:56 UTC	1.8.7-head	75.3325 requests per second	ruby 1.8.7 (2011-12-28 patchlevel 357) [i686-darwin10.8.0]
2012-01-17 08:12:34 UTC	1.9.2	105.2675 requests per second	ruby 1.9.2p290 (2011-07-09 revision 32553) [x86_64-darwin10.8.0]
2012-01-17 08:36:35 UTC	1.9.2-head	105.1 requests per second	ruby 1.9.2p312 (2012-01-16 revision 34318) [x86_64-darwin10.8.0]
2012-01-17 08:53:12 UTC	1.9.3	107.72749999999999 requests per second	ruby 1.9.3p0 (2011-10-30 revision 33570) [x86_64-darwin10.8.0]
2012-01-17 09:17:26 UTC	1.9.3-head	108.035 requests per second	ruby 1.9.3p27 (2012-01-17 revision 34327) [x86_64-darwin10.8.0]
2012-01-17 09:34:17 UTC	jruby	50.7775 requests per second	jruby 1.6.5 (ruby-1.8.7-p330) (2011-10-25 9dcd388) (Java HotSpot(TM) 64-Bit Server VM 1.6.0_29) [darwin-x86_64-java]
2012-01-17 09:58:45 UTC	jruby-head	52.2625 requests per second	jruby 1.7.0.dev (ruby-1.8.7-p357) (2012-01-17 7de254f) (Java HotSpot(TM) 64-Bit Server VM 1.6.0_29) [darwin-x86_64-java]
2012-01-17 10:33:36 UTC	rbx-head	49.8775 requests per second	rubinius 2.0.0dev (1.8.7 84613389 yyyy-mm-dd JI) [x86_64-apple-darwin10.8.0]
2012-01-18 07:42:06 UTC	1.8.7	74.8175 requests per second	ruby 1.8.7 (2011-12-28 patchlevel 357) [i686-darwin10.8.0]
2012-01-18 08:04:49 UTC	1.8.7-head	74.46 requests per second	ruby 1.8.7 (2011-12-28 patchlevel 357) [i686-darwin10.8.0]
2012-01-18 08:21:28 UTC	1.9.2	105.795 requests per second	ruby 1.9.2p290 (2011-07-09 revision 32553) [x86_64-darwin10.8.0]
2012-01-18 08:45:38 UTC	1.9.2-head	105.72 requests per second	ruby 1.9.2p312 (2012-01-16 revision 34318) [x86_64-darwin10.8.0]
2012-01-18 09:02:16 UTC	1.9.3	107.8725 requests per second	ruby 1.9.3p0 (2011-10-30 revision 33570) [x86_64-darwin10.8.0]
2012-01-18 09:26:33 UTC	1.9.3-head	108.2025 requests per second	ruby 1.9.3p27 (2012-01-17 revision 34327) [x86_64-darwin10.8.0]
2012-01-19 07:33:11 UTC	1.8.7	74.47 requests per second	ruby 1.8.7 (2011-12-28 patchlevel 357) [i686-darwin10.8.0]
2012-01-19 07:56:00 UTC	1.8.7-head	74.5275 requests per second	ruby 1.8.7 (2011-12-28 patchlevel 357) [i686-darwin10.8.0]
2012-01-19 08:12:39 UTC	1.9.2	106.4525 requests per second	ruby 1.9.2p290 (2011-07-09 revision 32553) [x86_64-darwin10.8.0]
2012-01-19 08:36:43 UTC	1.9.2-head	105.52000000000001 requests per second	ruby 1.9.2p312 (2012-01-16 revision 34318) [x86_64-darwin10.8.0]
2012-01-19 08:53:21 UTC	1.9.3	107.07500000000002 requests per second	ruby 1.9.3p0 (2011-10-30 revision 33570) [x86_64-darwin10.8.0]
2012-01-19 09:17:38 UTC	1.9.3-head	107.66750000000002 requests per second	ruby 1.9.3p27 (2012-01-17 revision 34327) [x86_64-darwin10.8.0]
2012-01-19 09:36:42 UTC	jruby	51.21 requests per second	jruby 1.6.5.1 (ruby-1.8.7-p330) (2011-12-27 1bf37c2) (Java HotSpot(TM) 64-Bit Server VM 1.6.0_29) [darwin-x86_64-java]
2012-01-19 10:06:56 UTC	jruby-head	52.3275 requests per second	jruby 1.7.0.dev (ruby-1.8.7-p357) (2012-01-19 698e1e3) (Java HotSpot(TM) 64-Bit Server VM 1.6.0_29) [darwin-x86_64-java]
2012-01-19 10:41:49 UTC	rbx-head	49.647499999999994 requests per second	rubinius 2.0.0dev (1.8.7 e8f8ab62 yyyy-mm-dd JI) [x86_64-apple-darwin10.8.0]
2012-01-20 07:33:10 UTC	1.8.7	74.91 requests per second	ruby 1.8.7 (2011-12-28 patchlevel 357) [i686-darwin10.8.0]
2012-01-20 07:56:06 UTC	1.8.7-head	74.8775 requests per second	ruby 1.8.7 (2011-12-28 patchlevel 357) [i686-darwin10.8.0]
2012-01-20 08:12:46 UTC	1.9.2	107.1775 requests per second	ruby 1.9.2p290 (2011-07-09 revision 32553) [x86_64-darwin10.8.0]
2012-01-20 08:36:58 UTC	1.9.2-head	106.165 requests per second	ruby 1.9.2p312 (2012-01-16 revision 34318) [x86_64-darwin10.8.0]
2012-01-20 08:53:36 UTC	1.9.3	107.81750000000001 requests per second	ruby 1.9.3p0 (2011-10-30 revision 33570) [x86_64-darwin10.8.0]
2012-01-20 09:17:53 UTC	1.9.3-head	108.4175 requests per second	ruby 1.9.3p27 (2012-01-20 revision 34344) [x86_64-darwin10.8.0]
2012-01-20 09:34:48 UTC	jruby	50.545 requests per second	jruby 1.6.5.1 (ruby-1.8.7-p330) (2011-12-27 1bf37c2) (Java HotSpot(TM) 64-Bit Server VM 1.6.0_29) [darwin-x86_64-java]
2012-01-20 09:59:57 UTC	jruby-head	52.355 requests per second	jruby 1.7.0.dev (ruby-1.8.7-p357) (2012-01-20 03ba524) (Java HotSpot(TM) 64-Bit Server VM 1.6.0_29) [darwin-x86_64-java]
2012-01-20 10:34:41 UTC	rbx-head	49.4975 requests per second	rubinius 2.0.0dev (1.8.7 9419f07b yyyy-mm-dd JI) [x86_64-apple-darwin10.8.0]
2012-01-21 07:33:10 UTC	1.8.7	74.5975 requests per second	ruby 1.8.7 (2011-12-28 patchlevel 357) [i686-darwin10.8.0]
2012-01-21 07:56:03 UTC	1.8.7-head	74.6225 requests per second	ruby 1.8.7 (2011-12-28 patchlevel 357) [i686-darwin10.8.0]
2012-01-21 08:12:43 UTC	1.9.2	106.28 requests per second	ruby 1.9.2p290 (2011-07-09 revision 32553) [x86_64-darwin10.8.0]
2012-01-21 08:36:49 UTC	1.9.2-head	105.85249999999999 requests per second	ruby 1.9.2p312 (2012-01-16 revision 34318) [x86_64-darwin10.8.0]
2012-01-21 08:53:27 UTC	1.9.3	107.5825 requests per second	ruby 1.9.3p0 (2011-10-30 revision 33570) [x86_64-darwin10.8.0]
2012-01-21 09:17:43 UTC	1.9.3-head	108.38250000000001 requests per second	ruby 1.9.3p27 (2012-01-20 revision 34344) [x86_64-darwin10.8.0]
2012-01-21 09:34:39 UTC	jruby	51.1975 requests per second	jruby 1.6.5.1 (ruby-1.8.7-p330) (2011-12-27 1bf37c2) (Java HotSpot(TM) 64-Bit Server VM 1.6.0_29) [darwin-x86_64-java]
2012-01-21 09:59:50 UTC	jruby-head	53.2275 requests per second	jruby 1.7.0.dev (ruby-1.8.7-p357) (2012-01-21 4d33d30) (Java HotSpot(TM) 64-Bit Server VM 1.6.0_29) [darwin-x86_64-java]
2012-01-21 10:34:42 UTC	rbx-head	50.3825 requests per second	rubinius 2.0.0dev (1.8.7 b976944f yyyy-mm-dd JI) [x86_64-apple-darwin10.8.0]
2012-01-23 07:33:10 UTC	1.8.7	74.5025 requests per second	ruby 1.8.7 (2011-12-28 patchlevel 357) [i686-darwin10.8.0]
2012-01-23 07:56:07 UTC	1.8.7-head	74.81 requests per second	ruby 1.8.7 (2011-12-28 patchlevel 357) [i686-darwin10.8.0]
2012-01-23 08:12:46 UTC	1.9.2	107.10249999999999 requests per second	ruby 1.9.2p290 (2011-07-09 revision 32553) [x86_64-darwin10.8.0]
2012-01-23 08:36:57 UTC	1.9.2-head	105.95250000000001 requests per second	ruby 1.9.2p312 (2012-01-16 revision 34318) [x86_64-darwin10.8.0]
2012-01-23 08:53:35 UTC	1.9.3	108.24 requests per second	ruby 1.9.3p0 (2011-10-30 revision 33570) [x86_64-darwin10.8.0]
2012-01-23 09:18:04 UTC	1.9.3-head	108.3025 requests per second	ruby 1.9.3p27 (2012-01-20 revision 34344) [x86_64-darwin10.8.0]
2012-01-23 09:34:59 UTC	jruby	51.865 requests per second	jruby 1.6.5.1 (ruby-1.8.7-p330) (2011-12-27 1bf37c2) (Java HotSpot(TM) 64-Bit Server VM 1.6.0_29) [darwin-x86_64-java]
2012-01-23 10:00:15 UTC	jruby-head	51.8075 requests per second	jruby 1.7.0.dev (ruby-1.8.7-p357) (2012-01-23 f80ab05) (Java HotSpot(TM) 64-Bit Server VM 1.6.0_29) [darwin-x86_64-java]
2012-01-23 11:02:45 UTC	rbx-head	50.24 requests per second	rubinius 2.0.0dev (1.8.7 a244b2f5 yyyy-mm-dd JI) [x86_64-apple-darwin10.8.0]
2012-01-24 07:33:10 UTC	1.8.7	74.67 requests per second	ruby 1.8.7 (2011-12-28 patchlevel 357) [i686-darwin10.8.0]
2012-01-24 07:56:07 UTC	1.8.7-head	75.165 requests per second	ruby 1.8.7 (2011-12-28 patchlevel 357) [i686-darwin10.8.0]
2012-01-24 08:12:46 UTC	1.9.2	106.5325 requests per second	ruby 1.9.2p290 (2011-07-09 revision 32553) [x86_64-darwin10.8.0]
2012-01-24 08:36:53 UTC	1.9.2-head	106.32749999999999 requests per second	ruby 1.9.2p312 (2012-01-16 revision 34318) [x86_64-darwin10.8.0]
2012-01-24 08:53:32 UTC	1.9.3	107.9275 requests per second	ruby 1.9.3p0 (2011-10-30 revision 33570) [x86_64-darwin10.8.0]
2012-01-24 09:17:55 UTC	1.9.3-head	108.56 requests per second	ruby 1.9.3p28 (2012-01-23 revision 34361) [x86_64-darwin10.8.0]
2012-01-24 09:34:51 UTC	jruby	51.08 requests per second	jruby 1.6.5.1 (ruby-1.8.7-p330) (2011-12-27 1bf37c2) (Java HotSpot(TM) 64-Bit Server VM 1.6.0_29) [darwin-x86_64-java]
2012-01-24 10:00:08 UTC	jruby-head	51.75 requests per second	jruby 1.7.0.dev (ruby-1.8.7-p357) (2012-01-24 ce88a1c) (Java HotSpot(TM) 64-Bit Server VM 1.6.0_29) [darwin-x86_64-java]
2012-01-24 10:35:56 UTC	rbx-head	49.93 requests per second	rubinius 2.0.0dev (1.8.7 a244b2f5 yyyy-mm-dd JI) [x86_64-apple-darwin10.8.0]
2012-01-25 07:33:10 UTC	1.8.7	74.1425 requests per second	ruby 1.8.7 (2011-12-28 patchlevel 357) [i686-darwin10.8.0]
2012-01-25 07:56:22 UTC	1.8.7-head	75.09 requests per second	ruby 1.8.7 (2011-12-28 patchlevel 357) [i686-darwin10.8.0]
2012-01-25 08:13:01 UTC	1.9.2	105.8075 requests per second	ruby 1.9.2p290 (2011-07-09 revision 32553) [x86_64-darwin10.8.0]
2012-01-25 08:37:09 UTC	1.9.2-head	105.89750000000001 requests per second	ruby 1.9.2p312 (2012-01-16 revision 34318) [x86_64-darwin10.8.0]
2012-01-25 08:53:48 UTC	1.9.3	107.74249999999999 requests per second	ruby 1.9.3p0 (2011-10-30 revision 33570) [x86_64-darwin10.8.0]
2012-01-25 09:18:11 UTC	1.9.3-head	107.96 requests per second	ruby 1.9.3p28 (2012-01-23 revision 34361) [x86_64-darwin10.8.0]
2012-01-25 09:35:08 UTC	jruby	51.215 requests per second	jruby 1.6.5.1 (ruby-1.8.7-p330) (2011-12-27 1bf37c2) (Java HotSpot(TM) 64-Bit Server VM 1.6.0_29) [darwin-x86_64-java]
2012-01-25 10:00:19 UTC	jruby-head	52.255 requests per second	jruby 1.7.0.dev (ruby-1.8.7-p357) (2012-01-25 ccfcb7c) (Java HotSpot(TM) 64-Bit Server VM 1.6.0_29) [darwin-x86_64-java]
2012-01-25 10:36:01 UTC	rbx-head	49.7625 requests per second	rubinius 2.0.0dev (1.8.7 d1c8aa95 yyyy-mm-dd JI) [x86_64-apple-darwin10.8.0]
2012-01-26 07:33:11 UTC	1.8.7	74.215 requests per second	ruby 1.8.7 (2011-12-28 patchlevel 357) [i686-darwin10.8.0]
2012-01-26 07:56:04 UTC	1.8.7-head	74.31 requests per second	ruby 1.8.7 (2011-12-28 patchlevel 357) [i686-darwin10.8.0]
2012-01-26 08:12:43 UTC	1.9.2	106.3475 requests per second	ruby 1.9.2p290 (2011-07-09 revision 32553) [x86_64-darwin10.8.0]
2012-01-26 08:36:53 UTC	1.9.2-head	105.3475 requests per second	ruby 1.9.2p312 (2012-01-16 revision 34318) [x86_64-darwin10.8.0]
2012-01-26 08:53:32 UTC	1.9.3	108.125 requests per second	ruby 1.9.3p0 (2011-10-30 revision 33570) [x86_64-darwin10.8.0]
2012-01-26 09:17:49 UTC	1.9.3-head	108.8375 requests per second	ruby 1.9.3p28 (2012-01-23 revision 34361) [x86_64-darwin10.8.0]
2012-01-26 09:34:45 UTC	jruby	50.625 requests per second	jruby 1.6.5.1 (ruby-1.8.7-p330) (2011-12-27 1bf37c2) (Java HotSpot(TM) 64-Bit Server VM 1.6.0_29) [darwin-x86_64-java]
2012-01-26 10:00:01 UTC	jruby-head	51.785 requests per second	jruby 1.7.0.dev (ruby-1.8.7-p357) (2012-01-26 69709ce) (Java HotSpot(TM) 64-Bit Server VM 1.6.0_29) [darwin-x86_64-java]
2012-01-26 10:35:33 UTC	rbx-head	49.6225 requests per second	rubinius 2.0.0dev (1.8.7 52cf6b93 yyyy-mm-dd JI) [x86_64-apple-darwin10.8.0]
2012-01-27 07:33:10 UTC	1.8.7	74.8425 requests per second	ruby 1.8.7 (2011-12-28 patchlevel 357) [i686-darwin10.8.0]
2012-01-27 07:56:08 UTC	1.8.7-head	74.9175 requests per second	ruby 1.8.7 (2011-12-28 patchlevel 357) [i686-darwin10.8.0]
2012-01-27 08:12:48 UTC	1.9.2	106.975 requests per second	ruby 1.9.2p290 (2011-07-09 revision 32553) [x86_64-darwin10.8.0]
2012-01-27 08:37:00 UTC	1.9.2-head	105.505 requests per second	ruby 1.9.2p312 (2012-01-16 revision 34318) [x86_64-darwin10.8.0]
2012-01-27 08:53:38 UTC	1.9.3	107.6625 requests per second	ruby 1.9.3p0 (2011-10-30 revision 33570) [x86_64-darwin10.8.0]
2012-01-27 09:18:03 UTC	1.9.3-head	107.9575 requests per second	ruby 1.9.3p28 (2012-01-23 revision 34361) [x86_64-darwin10.8.0]
2012-01-27 09:34:59 UTC	jruby	51.385 requests per second	jruby 1.6.5.1 (ruby-1.8.7-p330) (2011-12-27 1bf37c2) (Java HotSpot(TM) 64-Bit Server VM 1.6.0_29) [darwin-x86_64-java]
2012-01-27 10:00:15 UTC	jruby-head	51.1625 requests per second	jruby 1.7.0.dev (ruby-1.8.7-p357) (2012-01-27 827485a) (Java HotSpot(TM) 64-Bit Server VM 1.6.0_29) [darwin-x86_64-java]
2012-01-27 10:36:45 UTC	rbx-head	49.1725 requests per second	rubinius 2.0.0dev (1.8.7 d926b8e0 yyyy-mm-dd JI) [x86_64-apple-darwin10.8.0]
2012-01-28 07:33:10 UTC	1.8.7	74.345 requests per second	ruby 1.8.7 (2011-12-28 patchlevel 357) [i686-darwin10.8.0]
2012-01-28 07:56:05 UTC	1.8.7-head	74.55 requests per second	ruby 1.8.7 (2011-12-28 patchlevel 357) [i686-darwin10.8.0]
2012-01-28 08:12:44 UTC	1.9.2	106.79 requests per second	ruby 1.9.2p290 (2011-07-09 revision 32553) [x86_64-darwin10.8.0]
2012-01-28 08:36:54 UTC	1.9.2-head	105.87249999999999 requests per second	ruby 1.9.2p312 (2012-01-16 revision 34318) [x86_64-darwin10.8.0]
2012-01-28 08:53:33 UTC	1.9.3	108.38 requests per second	ruby 1.9.3p0 (2011-10-30 revision 33570) [x86_64-darwin10.8.0]
2012-01-28 09:17:50 UTC	1.9.3-head	108.73750000000001 requests per second	ruby 1.9.3p28 (2012-01-28 revision 34386) [x86_64-darwin10.8.0]
2012-01-28 09:39:46 UTC	jruby	51.01 requests per second	jruby 1.6.5.1 (ruby-1.8.7-p330) (2011-12-27 1bf37c2) (Java HotSpot(TM) 64-Bit Server VM 1.6.0_29) [darwin-x86_64-java]
2012-01-28 10:10:08 UTC	jruby-head	46.7925 requests per second	jruby 1.7.0.dev (ruby-1.9.3-p28) (2012-01-28 efa4931) (Java HotSpot(TM) 64-Bit Server VM 1.6.0_29) [darwin-x86_64-java]
2012-01-28 10:55:51 UTC	rbx-head	50.6825 requests per second	rubinius 2.0.0dev (1.8.7 6ee98dcd yyyy-mm-dd JI) [x86_64-apple-darwin10.8.0]
2012-01-29 07:33:10 UTC	1.8.7	74.19 requests per second	ruby 1.8.7 (2011-12-28 patchlevel 357) [i686-darwin10.8.0]
2012-01-29 07:56:03 UTC	1.8.7-head	74.78 requests per second	ruby 1.8.7 (2011-12-28 patchlevel 357) [i686-darwin10.8.0]
2012-01-29 08:12:43 UTC	1.9.2	106.08500000000001 requests per second	ruby 1.9.2p290 (2011-07-09 revision 32553) [x86_64-darwin10.8.0]
2012-01-29 08:36:49 UTC	1.9.2-head	105.07750000000001 requests per second	ruby 1.9.2p312 (2012-01-16 revision 34318) [x86_64-darwin10.8.0]
2012-01-29 08:53:28 UTC	1.9.3	107.68249999999999 requests per second	ruby 1.9.3p0 (2011-10-30 revision 33570) [x86_64-darwin10.8.0]
2012-01-29 09:17:44 UTC	1.9.3-head	108.7275 requests per second	ruby 1.9.3p28 (2012-01-28 revision 34386) [x86_64-darwin10.8.0]
2012-01-29 09:34:40 UTC	jruby	51.655 requests per second	jruby 1.6.5.1 (ruby-1.8.7-p330) (2011-12-27 1bf37c2) (Java HotSpot(TM) 64-Bit Server VM 1.6.0_29) [darwin-x86_64-java]
2012-01-29 10:05:08 UTC	jruby-head	47.21 requests per second	jruby 1.7.0.dev (ruby-1.9.3-p28) (2012-01-29 efa4931) (Java HotSpot(TM) 64-Bit Server VM 1.6.0_29) [darwin-x86_64-java]
2012-01-29 10:45:52 UTC	rbx-head	49.9825 requests per second	rubinius 2.0.0dev (1.8.7 0f8bb8b9 yyyy-mm-dd JI) [x86_64-apple-darwin10.8.0]
2012-01-30 07:35:09 UTC	1.8.7	74.55 requests per second	ruby 1.8.7 (2011-12-28 patchlevel 357) [i686-darwin10.8.0]
2012-01-30 07:58:11 UTC	1.8.7-head	74.675 requests per second	ruby 1.8.7 (2011-12-28 patchlevel 357) [i686-darwin10.8.0]
2012-01-30 08:14:50 UTC	1.9.2	106.3 requests per second	ruby 1.9.2p290 (2011-07-09 revision 32553) [x86_64-darwin10.8.0]
2012-01-30 08:38:59 UTC	1.9.2-head	105.61999999999999 requests per second	ruby 1.9.2p312 (2012-01-16 revision 34318) [x86_64-darwin10.8.0]
2012-01-30 08:55:38 UTC	1.9.3	107.77 requests per second	ruby 1.9.3p0 (2011-10-30 revision 33570) [x86_64-darwin10.8.0]
2012-01-30 09:19:57 UTC	1.9.3-head	107.7825 requests per second	ruby 1.9.3p28 (2012-01-28 revision 34386) [x86_64-darwin10.8.0]
2012-01-30 09:36:53 UTC	jruby	51.005 requests per second	jruby 1.6.5.1 (ruby-1.8.7-p330) (2011-12-27 1bf37c2) (Java HotSpot(TM) 64-Bit Server VM 1.6.0_29) [darwin-x86_64-java]
2012-01-30 10:07:22 UTC	jruby-head	46.80500000000001 requests per second	jruby 1.7.0.dev (ruby-1.9.3-p28) (2012-01-30 60a764e) (Java HotSpot(TM) 64-Bit Server VM 1.6.0_29) [darwin-x86_64-java]
2012-01-30 10:48:09 UTC	rbx-head	48.995 requests per second	rubinius 2.0.0dev (1.8.7 999b9395 yyyy-mm-dd JI) [x86_64-apple-darwin10.8.0]
2012-01-31 07:37:04 UTC	1.8.7	74.6775 requests per second	ruby 1.8.7 (2011-12-28 patchlevel 357) [i686-darwin10.8.0]
2012-01-31 07:59:57 UTC	1.8.7-head	74.11 requests per second	ruby 1.8.7 (2011-12-28 patchlevel 357) [i686-darwin10.8.0]
2012-01-31 08:16:36 UTC	1.9.2	106.0 requests per second	ruby 1.9.2p290 (2011-07-09 revision 32553) [x86_64-darwin10.8.0]
2012-01-31 08:40:46 UTC	1.9.2-head	105.63749999999999 requests per second	ruby 1.9.2p312 (2012-01-16 revision 34318) [x86_64-darwin10.8.0]
2012-01-31 08:57:24 UTC	1.9.3	107.6325 requests per second	ruby 1.9.3p0 (2011-10-30 revision 33570) [x86_64-darwin10.8.0]
2012-01-31 09:21:45 UTC	1.9.3-head	107.9825 requests per second	ruby 1.9.3p28 (2012-01-28 revision 34386) [x86_64-darwin10.8.0]
2012-01-31 09:38:41 UTC	jruby	51.4925 requests per second	jruby 1.6.5.1 (ruby-1.8.7-p330) (2011-12-27 1bf37c2) (Java HotSpot(TM) 64-Bit Server VM 1.6.0_29) [darwin-x86_64-java]
2012-01-31 10:09:06 UTC	jruby-head	47.089999999999996 requests per second	jruby 1.7.0.dev (ruby-1.9.3-p28) (2012-01-31 fa4a871) (Java HotSpot(TM) 64-Bit Server VM 1.6.0_29) [darwin-x86_64-java]
2012-01-31 10:44:03 UTC	rbx-head	69.83 requests per second	rubinius 2.0.0dev (1.8.7 e5aba274 yyyy-mm-dd JI) [x86_64-apple-darwin10.8.0]
2012-02-01 07:33:10 UTC	1.8.7	74.595 requests per second	ruby 1.8.7 (2011-12-28 patchlevel 357) [i686-darwin10.8.0]
2012-02-01 07:56:15 UTC	1.8.7-head	74.39 requests per second	ruby 1.8.7 (2011-12-28 patchlevel 357) [i686-darwin10.8.0]
2012-02-01 08:12:54 UTC	1.9.2	106.11749999999999 requests per second	ruby 1.9.2p290 (2011-07-09 revision 32553) [x86_64-darwin10.8.0]
2012-02-01 08:37:07 UTC	1.9.2-head	105.11749999999999 requests per second	ruby 1.9.2p313 (2012-02-01 revision 34411) [x86_64-darwin10.8.0]
2012-02-01 08:53:45 UTC	1.9.3	107.455 requests per second	ruby 1.9.3p0 (2011-10-30 revision 33570) [x86_64-darwin10.8.0]
2012-02-01 09:18:18 UTC	1.9.3-head	108.0425 requests per second	ruby 1.9.3p29 (2012-02-01 revision 34411) [x86_64-darwin10.8.0]
2012-02-01 09:35:13 UTC	jruby	51.2325 requests per second	jruby 1.6.5.1 (ruby-1.8.7-p330) (2011-12-27 1bf37c2) (Java HotSpot(TM) 64-Bit Server VM 1.6.0_29) [darwin-x86_64-java]
2012-02-03 07:29:10 UTC	1.8.7	75.01 requests per second	ruby 1.8.7 (2011-12-28 patchlevel 357) [i686-darwin10.8.0]
2012-02-03 07:45:08 UTC	1.8.7-head	74.4925 requests per second	ruby 1.8.7 (2011-12-28 patchlevel 357) [i686-darwin10.8.0]
2012-02-03 07:55:48 UTC	1.9.2	106.5225 requests per second	ruby 1.9.2p290 (2011-07-09 revision 32553) [x86_64-darwin10.8.0]
2012-02-03 08:14:09 UTC	1.9.2-head	104.3525 requests per second	ruby 1.9.2p313 (2012-02-01 revision 34411) [x86_64-darwin10.8.0]
2012-02-03 08:23:48 UTC	1.9.3	108.3625 requests per second	ruby 1.9.3p0 (2011-10-30 revision 33570) [x86_64-darwin10.8.0]
2012-02-03 08:41:16 UTC	1.9.3-head	108.42999999999999 requests per second	ruby 1.9.3p31 (2012-02-03 revision 34426) [x86_64-darwin10.8.0]
2012-02-03 08:56:12 UTC	jruby	51.1425 requests per second	jruby 1.6.5.1 (ruby-1.8.7-p330) (2011-12-27 1bf37c2) (Java HotSpot(TM) 64-Bit Server VM 1.6.0_29) [darwin-x86_64-java]
2012-02-03 09:22:06 UTC	jruby-head	47.019999999999996 requests per second	jruby 1.7.0.dev (ruby-1.9.3-p28) (2012-02-03 6601451) (Java HotSpot(TM) 64-Bit Server VM 1.6.0_29) [darwin-x86_64-java]
2012-02-03 09:58:13 UTC	rbx-head	70.045 requests per second	rubinius 2.0.0dev (1.8.7 671603c4 yyyy-mm-dd JI) [x86_64-apple-darwin10.8.0]
2012-02-04 07:29:12 UTC	1.8.7	74.3775 requests per second	ruby 1.8.7 (2011-12-28 patchlevel 357) [i686-darwin10.8.0]
2012-02-04 07:45:23 UTC	1.8.7-head	74.0625 requests per second	ruby 1.8.7 (2011-12-28 patchlevel 357) [i686-darwin10.8.0]
2012-02-04 07:56:05 UTC	1.9.2	106.16 requests per second	ruby 1.9.2p290 (2011-07-09 revision 32553) [x86_64-darwin10.8.0]
2012-02-04 08:14:19 UTC	1.9.2-head	106.08000000000001 requests per second	ruby 1.9.2p313 (2012-02-01 revision 34411) [x86_64-darwin10.8.0]
2012-02-04 08:23:57 UTC	1.9.3	107.4975 requests per second	ruby 1.9.3p0 (2011-10-30 revision 33570) [x86_64-darwin10.8.0]
2012-02-04 08:41:22 UTC	1.9.3-head	107.99999999999999 requests per second	ruby 1.9.3p31 (2012-02-03 revision 34426) [x86_64-darwin10.8.0]
2012-02-04 08:55:18 UTC	jruby	51.785 requests per second	jruby 1.6.5.1 (ruby-1.8.7-p330) (2011-12-27 1bf37c2) (Java HotSpot(TM) 64-Bit Server VM 1.6.0_29) [darwin-x86_64-java]
2012-02-04 09:20:49 UTC	jruby-head	46.775 requests per second	jruby 1.7.0.dev (ruby-1.9.3-p28) (2012-02-04 9aac4bd) (Java HotSpot(TM) 64-Bit Server VM 1.6.0_29) [darwin-x86_64-java]
2012-02-04 09:54:02 UTC	rbx-head	75.12 requests per second	rubinius 2.0.0dev (1.8.7 be9008d1 yyyy-mm-dd JI) [x86_64-apple-darwin10.8.0]
2012-02-05 07:30:10 UTC	1.8.7	74.4625 requests per second	ruby 1.8.7 (2011-12-28 patchlevel 357) [i686-darwin10.8.0]
2012-02-05 07:46:12 UTC	1.8.7-head	75.2175 requests per second	ruby 1.8.7 (2011-12-28 patchlevel 357) [i686-darwin10.8.0]
2012-02-05 07:56:51 UTC	1.9.2	106.2625 requests per second	ruby 1.9.2p290 (2011-07-09 revision 32553) [x86_64-darwin10.8.0]
2012-02-05 08:15:01 UTC	1.9.2-head	104.0025 requests per second	ruby 1.9.2p315 (2012-02-05 revision 34431) [x86_64-darwin10.8.0]
2012-02-05 08:24:40 UTC	1.9.3	107.3175 requests per second	ruby 1.9.3p0 (2011-10-30 revision 33570) [x86_64-darwin10.8.0]
2012-02-05 08:42:05 UTC	1.9.3-head	108.465 requests per second	ruby 1.9.3p31 (2012-02-03 revision 34426) [x86_64-darwin10.8.0]
2012-02-05 08:56:01 UTC	jruby	51.6475 requests per second	jruby 1.6.5.1 (ruby-1.8.7-p330) (2011-12-27 1bf37c2) (Java HotSpot(TM) 64-Bit Server VM 1.6.0_29) [darwin-x86_64-java]
2012-02-05 09:21:30 UTC	jruby-head	46.120000000000005 requests per second	jruby 1.7.0.dev (ruby-1.9.3-p28) (2012-02-05 de9e2ac) (Java HotSpot(TM) 64-Bit Server VM 1.6.0_29) [darwin-x86_64-java]
2012-02-05 09:54:43 UTC	rbx-head	75.8725 requests per second	rubinius 2.0.0dev (1.8.7 29b7ae85 yyyy-mm-dd JI) [x86_64-apple-darwin10.8.0]
2012-02-14 05:29:10 UTC	1.8.7	74.855 requests per second	ruby 1.8.7 (2011-12-28 patchlevel 357) [i686-darwin10.8.0]
2012-02-14 05:45:16 UTC	1.8.7-head	74.89 requests per second	ruby 1.8.7 (2012-02-08 patchlevel 358) [i686-darwin10.8.0]
2012-02-14 05:55:56 UTC	1.9.2	106.085 requests per second	ruby 1.9.2p290 (2011-07-09 revision 32553) [x86_64-darwin10.8.0]
2012-02-14 06:14:14 UTC	1.9.2-head	105.03500000000001 requests per second	ruby 1.9.2p316 (2012-02-14 revision 34583) [x86_64-darwin10.8.0]
2012-02-14 06:23:52 UTC	1.9.3	108.17500000000001 requests per second	ruby 1.9.3p0 (2011-10-30 revision 33570) [x86_64-darwin10.8.0]
2012-02-14 06:41:25 UTC	1.9.3-head	108.3675 requests per second	ruby 1.9.3p106 (2012-02-14 revision 34590) [x86_64-darwin10.8.0]
2012-02-14 06:55:22 UTC	jruby	51.3375 requests per second	jruby 1.6.5.1 (ruby-1.8.7-p330) (2011-12-27 1bf37c2) (Java HotSpot(TM) 64-Bit Server VM 1.6.0_29) [darwin-x86_64-java]
2012-02-14 07:21:07 UTC	jruby-head	47.455 requests per second	jruby 1.7.0.dev (ruby-1.9.3-p28) (2012-02-14 c867d1f) (Java HotSpot(TM) 64-Bit Server VM 1.6.0_29) [darwin-x86_64-java]
2012-02-14 07:32:50 UTC	rbx-head	failed to install rbx-head	failed to install rbx-head
2012-02-15 05:29:10 UTC	1.8.7	74.5225 requests per second	ruby 1.8.7 (2011-12-28 patchlevel 357) [i686-darwin10.8.0]
2012-02-15 05:45:19 UTC	1.8.7-head	74.5725 requests per second	ruby 1.8.7 (2012-02-08 patchlevel 358) [i686-darwin10.8.0]
2012-02-15 05:56:00 UTC	1.9.2	105.6675 requests per second	ruby 1.9.2p290 (2011-07-09 revision 32553) [x86_64-darwin10.8.0]
2012-02-15 06:14:20 UTC	1.9.2-head	105.0875 requests per second	ruby 1.9.2p316 (2012-02-14 revision 34583) [x86_64-darwin10.8.0]
2012-02-15 06:23:59 UTC	1.9.3	107.39 requests per second	ruby 1.9.3p0 (2011-10-30 revision 33570) [x86_64-darwin10.8.0]
2012-02-15 06:42:30 UTC	1.9.3-head	108.3625 requests per second	ruby 1.9.3p120 (2012-02-15 revision 34617) [x86_64-darwin10.8.0]
2012-02-15 06:56:26 UTC	jruby	50.94 requests per second	jruby 1.6.5.1 (ruby-1.8.7-p330) (2011-12-27 1bf37c2) (Java HotSpot(TM) 64-Bit Server VM 1.6.0_29) [darwin-x86_64-java]
2012-02-15 07:22:59 UTC	jruby-head	46.457499999999996 requests per second	jruby 1.7.0.dev (ruby-1.9.3-p28) (2012-02-15 2235235) (Java HotSpot(TM) 64-Bit Server VM 1.6.0_29) [darwin-x86_64-java]
2012-02-15 07:34:36 UTC	rbx-head	failed to install rbx-head	failed to install rbx-head
2012-02-16 05:29:10 UTC	1.8.7	74.015 requests per second	ruby 1.8.7 (2011-12-28 patchlevel 357) [i686-darwin10.8.0]
2012-02-16 05:45:15 UTC	1.8.7-head	74.54 requests per second	ruby 1.8.7 (2012-02-08 patchlevel 358) [i686-darwin10.8.0]
2012-02-16 05:55:54 UTC	1.9.2	105.525 requests per second	ruby 1.9.2p290 (2011-07-09 revision 32553) [x86_64-darwin10.8.0]
2012-02-16 06:14:09 UTC	1.9.2-head	104.7525 requests per second	ruby 1.9.2p316 (2012-02-14 revision 34583) [x86_64-darwin10.8.0]
2012-02-16 06:23:48 UTC	1.9.3	107.9025 requests per second	ruby 1.9.3p0 (2011-10-30 revision 33570) [x86_64-darwin10.8.0]
2012-02-16 06:41:16 UTC	1.9.3-head	108.5375 requests per second	ruby 1.9.3p122 (2012-02-16 revision 34638) [x86_64-darwin10.8.0]
2012-02-16 06:55:12 UTC	jruby	50.8975 requests per second	jruby 1.6.5.1 (ruby-1.8.7-p330) (2011-12-27 1bf37c2) (Java HotSpot(TM) 64-Bit Server VM 1.6.0_29) [darwin-x86_64-java]
2012-02-16 07:21:24 UTC	jruby-head	47.8775 requests per second	jruby 1.7.0.dev (ruby-1.9.3-p28) (2012-02-16 6e42991) (Java HotSpot(TM) 64-Bit Server VM 1.6.0_29) [darwin-x86_64-java]
2012-02-16 07:33:00 UTC	rbx-head	failed to install rbx-head	failed to install rbx-head
2012-02-17 05:29:10 UTC	1.8.7	74.905 requests per second	ruby 1.8.7 (2011-12-28 patchlevel 357) [i686-darwin10.8.0]
2012-02-17 05:45:13 UTC	1.8.7-head	74.7425 requests per second	ruby 1.8.7 (2012-02-08 patchlevel 358) [i686-darwin10.8.0]
2012-02-17 05:55:53 UTC	1.9.2	106.0875 requests per second	ruby 1.9.2p290 (2011-07-09 revision 32553) [x86_64-darwin10.8.0]
2012-02-17 06:14:13 UTC	1.9.2-head	104.8975 requests per second	ruby 1.9.2p316 (2012-02-14 revision 34583) [x86_64-darwin10.8.0]
2012-02-17 06:23:52 UTC	1.9.3	108.3325 requests per second	ruby 1.9.3p0 (2011-10-30 revision 33570) [x86_64-darwin10.8.0]
2012-02-17 06:41:21 UTC	1.9.3-head	107.68499999999999 requests per second	ruby 1.9.3p133 (2012-02-17 revision 34660) [x86_64-darwin10.8.0]
2012-02-17 06:55:16 UTC	jruby	51.2375 requests per second	jruby 1.6.5.1 (ruby-1.8.7-p330) (2011-12-27 1bf37c2) (Java HotSpot(TM) 64-Bit Server VM 1.6.0_29) [darwin-x86_64-java]
2012-02-17 07:20:57 UTC	jruby-head	47.0625 requests per second	jruby 1.7.0.dev (ruby-1.9.3-p28) (2012-02-17 8d82e2e) (Java HotSpot(TM) 64-Bit Server VM 1.6.0_29) [darwin-x86_64-java]
2012-02-17 07:32:34 UTC	rbx-head	failed to install rbx-head	failed to install rbx-head
2012-02-18 05:29:10 UTC	1.8.7	74.9325 requests per second	ruby 1.8.7 (2011-12-28 patchlevel 357) [i686-darwin10.8.0]
2012-02-18 05:45:22 UTC	1.8.7-head	74.38 requests per second	ruby 1.8.7 (2012-02-08 patchlevel 358) [i686-darwin10.8.0]
2012-02-18 05:56:01 UTC	1.9.2	105.52000000000001 requests per second	ruby 1.9.2p290 (2011-07-09 revision 32553) [x86_64-darwin10.8.0]
2012-02-18 06:14:13 UTC	1.9.2-head	105.2075 requests per second	ruby 1.9.2p316 (2012-02-14 revision 34583) [x86_64-darwin10.8.0]
2012-02-18 06:23:52 UTC	1.9.3	108.3375 requests per second	ruby 1.9.3p0 (2011-10-30 revision 33570) [x86_64-darwin10.8.0]
2012-02-18 06:41:16 UTC	1.9.3-head	108.51249999999999 requests per second	ruby 1.9.3p133 (2012-02-17 revision 34660) [x86_64-darwin10.8.0]
2012-02-18 06:57:12 UTC	jruby	51.025 requests per second	jruby 1.6.5.1 (ruby-1.8.7-p330) (2011-12-27 1bf37c2) (Java HotSpot(TM) 64-Bit Server VM 1.6.0_29) [darwin-x86_64-java]
2012-02-18 07:22:46 UTC	jruby-head	47.542500000000004 requests per second	jruby 1.7.0.dev (ruby-1.9.3-p28) (2012-02-18 05158ac) (Java HotSpot(TM) 64-Bit Server VM 1.6.0_29) [darwin-x86_64-java]
2012-02-18 07:33:22 UTC	rbx-head	failed to install rbx-head	failed to install rbx-head
2012-02-19 05:29:10 UTC	1.8.7	74.6925 requests per second	ruby 1.8.7 (2011-12-28 patchlevel 357) [i686-darwin10.8.0]
2012-02-19 05:45:24 UTC	1.8.7-head	73.815 requests per second	ruby 1.8.7 (2012-02-08 patchlevel 358) [i686-darwin10.8.0]
2012-02-19 05:56:04 UTC	1.9.2	105.5975 requests per second	ruby 1.9.2p290 (2011-07-09 revision 32553) [x86_64-darwin10.8.0]
2012-02-19 06:14:16 UTC	1.9.2-head	105.4375 requests per second	ruby 1.9.2p318 (2012-02-18 revision 34677) [x86_64-darwin10.8.0]
2012-02-19 06:23:54 UTC	1.9.3	108.4375 requests per second	ruby 1.9.3p0 (2011-10-30 revision 33570) [x86_64-darwin10.8.0]
2012-02-19 06:41:13 UTC	1.9.3-head	108.3725 requests per second	ruby 1.9.3p134 (2012-02-19 revision 34690) [x86_64-darwin10.8.0]
2012-02-19 06:55:10 UTC	jruby	50.8075 requests per second	jruby 1.6.5.1 (ruby-1.8.7-p330) (2011-12-27 1bf37c2) (Java HotSpot(TM) 64-Bit Server VM 1.6.0_29) [darwin-x86_64-java]
2012-02-19 07:20:45 UTC	jruby-head	47.325 requests per second	jruby 1.7.0.dev (ruby-1.9.3-p28) (2012-02-19 2c88a5b) (Java HotSpot(TM) 64-Bit Server VM 1.6.0_29) [darwin-x86_64-java]
2012-02-19 07:31:21 UTC	rbx-head	failed to install rbx-head	failed to install rbx-head
2012-02-20 05:29:10 UTC	1.8.7	74.6175 requests per second	ruby 1.8.7 (2011-12-28 patchlevel 357) [i686-darwin10.8.0]
2012-02-20 05:45:16 UTC	1.8.7-head	74.2675 requests per second	ruby 1.8.7 (2012-02-08 patchlevel 358) [i686-darwin10.8.0]
2012-02-20 05:55:55 UTC	1.9.2	105.5725 requests per second	ruby 1.9.2p290 (2011-07-09 revision 32553) [x86_64-darwin10.8.0]
2012-02-20 06:14:04 UTC	1.9.2-head	105.0675 requests per second	ruby 1.9.2p318 (2012-02-18 revision 34677) [x86_64-darwin10.8.0]
2012-02-20 06:23:43 UTC	1.9.3	106.9875 requests per second	ruby 1.9.3p0 (2011-10-30 revision 33570) [x86_64-darwin10.8.0]
2012-02-20 06:41:02 UTC	1.9.3-head	109.60249999999999 requests per second	ruby 1.9.3p134 (2012-02-19 revision 34690) [x86_64-darwin10.8.0]
2012-02-20 06:54:58 UTC	jruby	50.7575 requests per second	jruby 1.6.5.1 (ruby-1.8.7-p330) (2011-12-27 1bf37c2) (Java HotSpot(TM) 64-Bit Server VM 1.6.0_29) [darwin-x86_64-java]
2012-02-20 07:20:36 UTC	jruby-head	47.54249999999999 requests per second	jruby 1.7.0.dev (ruby-1.9.3-p28) (2012-02-20 4a550d9) (Java HotSpot(TM) 64-Bit Server VM 1.6.0_29) [darwin-x86_64-java]
2012-02-20 07:32:12 UTC	rbx-head	failed to install rbx-head	failed to install rbx-head
2012-02-21 05:29:10 UTC	1.8.7	74.51 requests per second	ruby 1.8.7 (2011-12-28 patchlevel 357) [i686-darwin10.8.0]
2012-02-21 05:45:24 UTC	1.8.7-head	74.675 requests per second	ruby 1.8.7 (2012-02-08 patchlevel 358) [i686-darwin10.8.0]
2012-02-21 05:56:03 UTC	1.9.2	106.395 requests per second	ruby 1.9.2p290 (2011-07-09 revision 32553) [x86_64-darwin10.8.0]
2012-02-21 06:14:14 UTC	1.9.2-head	104.89999999999999 requests per second	ruby 1.9.2p318 (2012-02-18 revision 34677) [x86_64-darwin10.8.0]
2012-02-21 06:23:52 UTC	1.9.3	108.405 requests per second	ruby 1.9.3p0 (2011-10-30 revision 33570) [x86_64-darwin10.8.0]
2012-02-21 06:41:15 UTC	1.9.3-head	108.4675 requests per second	ruby 1.9.3p134 (2012-02-21 revision 34714) [x86_64-darwin10.8.0]
2012-02-21 06:55:10 UTC	jruby	51.0325 requests per second	jruby 1.6.5.1 (ruby-1.8.7-p330) (2011-12-27 1bf37c2) (Java HotSpot(TM) 64-Bit Server VM 1.6.0_29) [darwin-x86_64-java]
2012-02-21 07:20:41 UTC	jruby-head	46.9025 requests per second	jruby 1.7.0.dev (ruby-1.9.3-p28) (2012-02-21 6297041) (Java HotSpot(TM) 64-Bit Server VM 1.6.0_29) [darwin-x86_64-java]
2012-02-21 07:31:18 UTC	rbx-head	failed to install rbx-head	failed to install rbx-head
2012-02-22 05:29:10 UTC	1.8.7	74.29 requests per second	ruby 1.8.7 (2011-12-28 patchlevel 357) [i686-darwin10.8.0]
2012-02-22 05:45:23 UTC	1.8.7-head	74.455 requests per second	ruby 1.8.7 (2012-02-08 patchlevel 358) [i686-darwin10.8.0]
2012-02-22 05:56:02 UTC	1.9.2	106.11250000000001 requests per second	ruby 1.9.2p290 (2011-07-09 revision 32553) [x86_64-darwin10.8.0]
2012-02-22 06:14:17 UTC	1.9.2-head	105.6525 requests per second	ruby 1.9.2p318 (2012-02-18 revision 34677) [x86_64-darwin10.8.0]
2012-02-22 06:23:55 UTC	1.9.3	108.4475 requests per second	ruby 1.9.3p0 (2011-10-30 revision 33570) [x86_64-darwin10.8.0]
2012-02-22 06:41:18 UTC	1.9.3-head	107.9225 requests per second	ruby 1.9.3p135 (2012-02-21 revision 34718) [x86_64-darwin10.8.0]
2012-02-22 06:55:14 UTC	jruby	51.28 requests per second	jruby 1.6.5.1 (ruby-1.8.7-p330) (2011-12-27 1bf37c2) (Java HotSpot(TM) 64-Bit Server VM 1.6.0_29) [darwin-x86_64-java]
2012-02-22 07:20:59 UTC	jruby-head	47.379999999999995 requests per second	jruby 1.7.0.dev (ruby-1.9.3-p28) (2012-02-22 6ae0e42) (Java HotSpot(TM) 64-Bit Server VM 1.6.0_29) [darwin-x86_64-java]
2012-02-22 07:32:35 UTC	rbx-head	failed to install rbx-head	failed to install rbx-head
2012-02-24 05:29:12 UTC	1.8.7	74.4525 requests per second	ruby 1.8.7 (2011-12-28 patchlevel 357) [i686-darwin10.8.0]
2012-02-24 05:45:20 UTC	1.8.7-head	74.2625 requests per second	ruby 1.8.7 (2012-02-08 patchlevel 358) [i686-darwin10.8.0]
2012-02-24 05:56:00 UTC	1.9.2	105.6 requests per second	ruby 1.9.2p290 (2011-07-09 revision 32553) [x86_64-darwin10.8.0]
2012-02-24 06:14:19 UTC	1.9.2-head	105.1475 requests per second	ruby 1.9.2p318 (2012-02-18 revision 34677) [x86_64-darwin10.8.0]
2012-02-24 06:23:58 UTC	1.9.3	107.2825 requests per second	ruby 1.9.3p0 (2011-10-30 revision 33570) [x86_64-darwin10.8.0]
2012-02-24 06:41:36 UTC	1.9.3-head	108.44749999999999 requests per second	ruby 1.9.3p142 (2012-02-24 revision 34777) [x86_64-darwin10.8.0]
2012-02-24 06:57:32 UTC	jruby	50.9675 requests per second	jruby 1.6.5.1 (ruby-1.8.7-p330) (2011-12-27 1bf37c2) (Java HotSpot(TM) 64-Bit Server VM 1.6.0_29) [darwin-x86_64-java]
2012-02-24 07:23:18 UTC	jruby-head	48.08 requests per second	jruby 1.7.0.dev (ruby-1.9.3-p139) (2012-02-24 5e9f45a) (Java HotSpot(TM) 64-Bit Server VM 1.6.0_29) [darwin-x86_64-java]
2012-02-24 07:33:54 UTC	rbx-head	failed to install rbx-head	failed to install rbx-head
2012-02-25 05:29:10 UTC	1.8.7	74.6825 requests per second	ruby 1.8.7 (2011-12-28 patchlevel 357) [i686-darwin10.8.0]
2012-02-25 05:45:25 UTC	1.8.7-head	74.275 requests per second	ruby 1.8.7 (2012-02-08 patchlevel 358) [i686-darwin10.8.0]
2012-02-25 05:56:04 UTC	1.9.2	106.475 requests per second	ruby 1.9.2p290 (2011-07-09 revision 32553) [x86_64-darwin10.8.0]
2012-02-25 06:14:21 UTC	1.9.2-head	104.6225 requests per second	ruby 1.9.2p318 (2012-02-18 revision 34677) [x86_64-darwin10.8.0]
2012-02-25 06:23:59 UTC	1.9.3	106.8225 requests per second	ruby 1.9.3p0 (2011-10-30 revision 33570) [x86_64-darwin10.8.0]
2012-02-25 06:41:30 UTC	1.9.3-head	108.1525 requests per second	ruby 1.9.3p143 (2012-02-24 revision 34791) [x86_64-darwin10.8.0]
2012-02-25 06:55:27 UTC	jruby	51.3475 requests per second	jruby 1.6.5.1 (ruby-1.8.7-p330) (2011-12-27 1bf37c2) (Java HotSpot(TM) 64-Bit Server VM 1.6.0_29) [darwin-x86_64-java]
2012-02-25 07:21:08 UTC	jruby-head	46.965 requests per second	jruby 1.7.0.dev (ruby-1.9.3-p139) (2012-02-25 8186edd) (Java HotSpot(TM) 64-Bit Server VM 1.6.0_29) [darwin-x86_64-java]
2012-02-25 07:32:45 UTC	rbx-head	failed to install rbx-head	failed to install rbx-head
2012-02-26 05:30:13 UTC	1.8.7	74.49 requests per second	ruby 1.8.7 (2011-12-28 patchlevel 357) [i686-darwin10.8.0]
2012-02-26 05:46:31 UTC	1.8.7-head	74.3225 requests per second	ruby 1.8.7 (2012-02-08 patchlevel 358) [i686-darwin10.8.0]
2012-02-26 05:57:11 UTC	1.9.2	106.6525 requests per second	ruby 1.9.2p290 (2011-07-09 revision 32553) [x86_64-darwin10.8.0]
2012-02-26 06:15:43 UTC	1.9.2-head	105.01249999999999 requests per second	ruby 1.9.2p318 (2012-02-18 revision 34677) [x86_64-darwin10.8.0]
2012-02-26 06:25:22 UTC	1.9.3	107.565 requests per second	ruby 1.9.3p0 (2011-10-30 revision 33570) [x86_64-darwin10.8.0]
2012-02-26 06:42:55 UTC	1.9.3-head	107.88 requests per second	ruby 1.9.3p150 (2012-02-26 revision 34820) [x86_64-darwin10.8.0]
2012-02-26 06:56:51 UTC	jruby	51.6425 requests per second	jruby 1.6.5.1 (ruby-1.8.7-p330) (2011-12-27 1bf37c2) (Java HotSpot(TM) 64-Bit Server VM 1.6.0_29) [darwin-x86_64-java]
2012-02-26 07:22:40 UTC	jruby-head	47.455 requests per second	jruby 1.7.0.dev (ruby-1.9.3-p139) (2012-02-26 b48cfe5) (Java HotSpot(TM) 64-Bit Server VM 1.6.0_29) [darwin-x86_64-java]
2012-02-26 07:33:18 UTC	rbx-head	failed to install rbx-head	failed to install rbx-head
2012-02-27 05:29:11 UTC	1.8.7	74.385 requests per second	ruby 1.8.7 (2011-12-28 patchlevel 357) [i686-darwin10.8.0]
2012-02-27 05:45:34 UTC	1.8.7-head	74.51 requests per second	ruby 1.8.7 (2012-02-08 patchlevel 358) [i686-darwin10.8.0]
2012-02-27 05:56:14 UTC	1.9.2	107.17500000000001 requests per second	ruby 1.9.2p290 (2011-07-09 revision 32553) [x86_64-darwin10.8.0]
2012-02-27 06:14:32 UTC	1.9.2-head	105.065 requests per second	ruby 1.9.2p318 (2012-02-18 revision 34677) [x86_64-darwin10.8.0]
2012-02-27 06:24:11 UTC	1.9.3	107.265 requests per second	ruby 1.9.3p0 (2011-10-30 revision 33570) [x86_64-darwin10.8.0]
2012-02-27 06:41:47 UTC	1.9.3-head	107.66499999999999 requests per second	ruby 1.9.3p151 (2012-02-27 revision 34822) [x86_64-darwin10.8.0]
2012-02-27 06:57:43 UTC	jruby	51.02 requests per second	jruby 1.6.5.1 (ruby-1.8.7-p330) (2011-12-27 1bf37c2) (Java HotSpot(TM) 64-Bit Server VM 1.6.0_29) [darwin-x86_64-java]
2012-02-27 07:23:25 UTC	jruby-head	47.3 requests per second	jruby 1.7.0.dev (ruby-1.9.3-p139) (2012-02-27 3da18d9) (Java HotSpot(TM) 64-Bit Server VM 1.6.0_29) [darwin-x86_64-java]
2012-02-27 07:35:01 UTC	rbx-head	failed to install rbx-head	failed to install rbx-head
2012-02-28 05:42:34 UTC	1.8.7	75.3125 requests per second	ruby 1.8.7 (2012-02-08 patchlevel 358) [i686-darwin10.8.0]
2012-02-28 05:58:48 UTC	1.8.7-head	75.0075 requests per second	ruby 1.8.7 (2012-02-08 patchlevel 358) [i686-darwin10.8.0]
2012-02-28 06:09:31 UTC	1.9.2	106.375 requests per second	ruby 1.9.2p290 (2011-07-09 revision 32553) [x86_64-darwin10.8.0]
2012-02-28 06:27:57 UTC	1.9.2-head	105.095 requests per second	ruby 1.9.2p318 (2012-02-18 revision 34677) [x86_64-darwin10.8.0]
2012-02-29 05:29:18 UTC	1.8.7	74.7525 requests per second	ruby 1.8.7 (2012-02-08 patchlevel 358) [i686-darwin10.8.0]
2012-02-29 05:42:19 UTC	1.8.7-head	74.645 requests per second	ruby 1.8.7 (2012-02-08 patchlevel 358) [i686-darwin10.8.0]
2012-02-29 05:52:01 UTC	1.9.2	105.845 requests per second	ruby 1.9.2p290 (2011-07-09 revision 32553) [x86_64-darwin10.8.0]
2012-02-29 06:10:23 UTC	1.9.2-head	104.87 requests per second	ruby 1.9.2p318 (2012-02-18 revision 34677) [x86_64-darwin10.8.0]
2012-02-29 06:22:56 UTC	1.9.3	109.465 requests per second	ruby 1.9.3p125 (2012-02-16 revision 34643) [x86_64-darwin10.8.0]
2012-02-29 06:40:35 UTC	1.9.3-head	108.0625 requests per second	ruby 1.9.3p153 (2012-02-28 revision 34841) [x86_64-darwin10.8.0]
2012-02-29 07:01:08 UTC	jruby	51.7025 requests per second	jruby 1.6.7 (ruby-1.8.7-p357) (2012-02-22 3e82bc8) (Java HotSpot(TM) 64-Bit Server VM 1.6.0_29) [darwin-x86_64-java]
2012-02-29 07:27:02 UTC	jruby-head	47.839999999999996 requests per second	jruby 1.7.0.dev (ruby-1.9.3-p139) (2012-02-29 548048b) (Java HotSpot(TM) 64-Bit Server VM 1.6.0_29) [darwin-x86_64-java]
2012-03-02 05:32:10 UTC	1.8.7	75.2675 requests per second	ruby 1.8.7 (2012-02-08 patchlevel 358) [i686-darwin10.8.0]
2012-03-02 05:48:43 UTC	1.8.7-head	74.8375 requests per second	ruby 1.8.7 (2012-03-02 patchlevel 359) [i686-darwin10.8.0]
2012-03-02 05:59:25 UTC	1.9.2	105.88000000000001 requests per second	ruby 1.9.2p290 (2011-07-09 revision 32553) [x86_64-darwin10.8.0]
2012-03-02 06:17:52 UTC	1.9.2-head	105.23 requests per second	ruby 1.9.2p318 (2012-02-18 revision 34677) [x86_64-darwin10.8.0]
2012-03-02 06:27:32 UTC	1.9.3	111.985 requests per second	ruby 1.9.3p125 (2012-02-16 revision 34643) [x86_64-darwin10.8.0]
2012-03-02 06:45:07 UTC	1.9.3-head	108.46000000000001 requests per second	ruby 1.9.3p154 (2012-03-01 revision 34865) [x86_64-darwin10.8.0]
2012-03-02 07:03:03 UTC	ruby-head	102.9325 requests per second	ruby 2.0.0dev (2012-03-01 trunk 34864) [x86_64-darwin10.8.0]
2012-03-02 07:17:03 UTC	jruby	51.52 requests per second	jruby 1.6.7 (ruby-1.8.7-p357) (2012-02-22 3e82bc8) (Java HotSpot(TM) 64-Bit Server VM 1.6.0_29) [darwin-x86_64-java]
2012-03-02 07:42:56 UTC	jruby-head	48.144999999999996 requests per second	jruby 1.7.0.dev (ruby-1.9.3-p139) (2012-03-02 249d547) (Java HotSpot(TM) 64-Bit Server VM 1.6.0_29) [darwin-x86_64-java]
2012-03-02 08:19:45 UTC	rbx-head	74.435 requests per second	rubinius 2.0.0dev (1.8.7 0592c767 yyyy-mm-dd JI) [x86_64-apple-darwin10.8.0]
2012-03-03 05:29:19 UTC	1.8.7	74.3625 requests per second	ruby 1.8.7 (2012-02-08 patchlevel 358) [i686-darwin10.8.0]
2012-03-03 05:45:39 UTC	1.8.7-head	74.205 requests per second	ruby 1.8.7 (2012-03-02 patchlevel 359) [i686-darwin10.8.0]
2012-03-03 05:56:21 UTC	1.9.2	106.3525 requests per second	ruby 1.9.2p290 (2011-07-09 revision 32553) [x86_64-darwin10.8.0]
2012-03-03 06:15:04 UTC	1.9.2-head	104.83250000000001 requests per second	ruby 1.9.2p318 (2012-02-18 revision 34677) [x86_64-darwin10.8.0]
2012-03-03 06:24:45 UTC	1.9.3	108.24999999999999 requests per second	ruby 1.9.3p125 (2012-02-16 revision 34643) [x86_64-darwin10.8.0]
2012-03-03 06:42:11 UTC	1.9.3-head	108.6075 requests per second	ruby 1.9.3p155 (2012-03-03 revision 34878) [x86_64-darwin10.8.0]
2012-03-03 06:59:32 UTC	ruby-head	100.345 requests per second	ruby 2.0.0dev (2012-03-03 trunk 34891) [x86_64-darwin10.8.0]
2012-03-03 07:13:32 UTC	jruby	52.815 requests per second	jruby 1.6.7 (ruby-1.8.7-p357) (2012-02-22 3e82bc8) (Java HotSpot(TM) 64-Bit Server VM 1.6.0_29) [darwin-x86_64-java]
2012-03-03 07:39:27 UTC	jruby-head	47.8325 requests per second	jruby 1.7.0.dev (ruby-1.9.3-p139) (2012-03-03 92db748) (Java HotSpot(TM) 64-Bit Server VM 1.6.0_29) [darwin-x86_64-java]
2012-03-03 08:12:56 UTC	rbx-head	73.7275 requests per second	rubinius 2.0.0dev (1.8.7 4b510606 yyyy-mm-dd JI) [x86_64-apple-darwin10.8.0]
2012-03-04 05:29:18 UTC	1.8.7	74.6325 requests per second	ruby 1.8.7 (2012-02-08 patchlevel 358) [i686-darwin10.8.0]
2012-03-04 05:45:44 UTC	1.8.7-head	74.61 requests per second	ruby 1.8.7 (2012-03-02 patchlevel 359) [i686-darwin10.8.0]
2012-03-06 05:29:20 UTC	1.8.7	75.14 requests per second	ruby 1.8.7 (2012-02-08 patchlevel 358) [i686-darwin10.8.0]
2012-03-06 05:42:22 UTC	1.8.7-head	74.5375 requests per second	ruby 1.8.7 (2012-03-06 patchlevel 360) [i686-darwin10.8.0]
2012-03-06 05:53:42 UTC	1.9.2	106.1175 requests per second	ruby 1.9.2p318 (2012-02-14 revision 34678) [x86_64-darwin10.8.0]
2012-03-06 06:11:21 UTC	1.9.2-head	104.2625 requests per second	ruby 1.9.2p318 (2012-02-18 revision 34677) [x86_64-darwin10.8.0]
2012-03-06 06:21:03 UTC	1.9.3	111.665 requests per second	ruby 1.9.3p125 (2012-02-16 revision 34643) [x86_64-darwin10.8.0]
2012-03-06 06:38:46 UTC	1.9.3-head	106.9675 requests per second	ruby 1.9.3p162 (2012-03-06 revision 34928) [x86_64-darwin10.8.0]
2012-03-06 06:56:29 UTC	ruby-head	102.8075 requests per second	ruby 2.0.0dev (2012-03-06 trunk 34927) [x86_64-darwin10.8.0]
2012-03-06 07:10:31 UTC	jruby	52.0575 requests per second	jruby 1.6.7 (ruby-1.8.7-p357) (2012-02-22 3e82bc8) (Java HotSpot(TM) 64-Bit Server VM 1.6.0_29) [darwin-x86_64-java]
2012-03-06 07:36:50 UTC	jruby-head	47.975 requests per second	jruby 1.7.0.dev (ruby-1.9.3-p139) (2012-03-06 2ce4caf) (Java HotSpot(TM) 64-Bit Server VM 1.6.0_29) [darwin-x86_64-java]
2012-03-07 05:29:18 UTC	1.8.7	74.7275 requests per second	ruby 1.8.7 (2012-02-08 patchlevel 358) [i686-darwin10.8.0]
2012-03-07 05:45:42 UTC	1.8.7-head	74.755 requests per second	ruby 1.8.7 (2012-03-06 patchlevel 360) [i686-darwin10.8.0]
2012-03-07 05:55:24 UTC	1.9.2	105.215 requests per second	ruby 1.9.2p318 (2012-02-14 revision 34678) [x86_64-darwin10.8.0]
2012-03-07 06:11:58 UTC	1.9.2-head	104.935 requests per second	ruby 1.9.2p318 (2012-02-18 revision 34677) [x86_64-darwin10.8.0]
2012-03-07 06:21:39 UTC	1.9.3	111.9375 requests per second	ruby 1.9.3p125 (2012-02-16 revision 34643) [x86_64-darwin10.8.0]
2012-03-07 06:39:12 UTC	1.9.3-head	108.1575 requests per second	ruby 1.9.3p163 (2012-03-06 revision 34932) [x86_64-darwin10.8.0]
2012-03-07 06:56:34 UTC	ruby-head	103.55749999999999 requests per second	ruby 2.0.0dev (2012-03-07 trunk 34943) [x86_64-darwin10.8.0]
2012-03-07 07:10:33 UTC	jruby	52.5475 requests per second	jruby 1.6.7 (ruby-1.8.7-p357) (2012-02-22 3e82bc8) (Java HotSpot(TM) 64-Bit Server VM 1.6.0_29) [darwin-x86_64-java]
2012-03-07 07:36:34 UTC	jruby-head	47.44 requests per second	jruby 1.7.0.dev (ruby-1.9.3-p139) (2012-03-07 7fb8ea0) (Java HotSpot(TM) 64-Bit Server VM 1.6.0_29) [darwin-x86_64-java]
2012-03-07 08:10:41 UTC	rbx-head	71.9675 requests per second	rubinius 2.0.0dev (1.8.7 2921a12a yyyy-mm-dd JI) [x86_64-apple-darwin10.8.0]
2012-03-08 05:29:18 UTC	1.8.7	74.3825 requests per second	ruby 1.8.7 (2012-02-08 patchlevel 358) [i686-darwin10.8.0]
2012-03-08 05:45:51 UTC	1.8.7-head	74.775 requests per second	ruby 1.8.7 (2012-03-06 patchlevel 360) [i686-darwin10.8.0]
2012-03-08 05:55:34 UTC	1.9.2	105.7325 requests per second	ruby 1.9.2p318 (2012-02-14 revision 34678) [x86_64-darwin10.8.0]
2012-03-08 06:13:18 UTC	1.9.2-head	105.065 requests per second	ruby 1.9.2p318 (2012-02-18 revision 34677) [x86_64-darwin10.8.0]
2012-03-08 06:23:00 UTC	1.9.3	113.42500000000001 requests per second	ruby 1.9.3p125 (2012-02-16 revision 34643) [x86_64-darwin10.8.0]
2012-03-08 06:40:51 UTC	1.9.3-head	107.4775 requests per second	ruby 1.9.3p163 (2012-03-06 revision 34932) [x86_64-darwin10.8.0]
2012-03-08 06:58:59 UTC	ruby-head	103.545 requests per second	ruby 2.0.0dev (2012-03-07 trunk 34945) [x86_64-darwin10.8.0]
2012-03-08 07:12:59 UTC	jruby	52.14 requests per second	jruby 1.6.7 (ruby-1.8.7-p357) (2012-02-22 3e82bc8) (Java HotSpot(TM) 64-Bit Server VM 1.6.0_29) [darwin-x86_64-java]
2012-03-08 07:39:09 UTC	jruby-head	47.697500000000005 requests per second	jruby 1.7.0.dev (ruby-1.9.3-p139) (2012-03-08 9f35c90) (Java HotSpot(TM) 64-Bit Server VM 1.6.0_29) [darwin-x86_64-java]
2012-03-08 08:14:01 UTC	rbx-head	74.415 requests per second	rubinius 2.0.0dev (1.8.7 33a79064 yyyy-mm-dd JI) [x86_64-apple-darwin10.8.0]
2012-03-09 05:29:17 UTC	1.8.7	74.7875 requests per second	ruby 1.8.7 (2012-02-08 patchlevel 358) [i686-darwin10.8.0]
2012-03-09 05:45:51 UTC	1.8.7-head	74.815 requests per second	ruby 1.8.7 (2012-03-06 patchlevel 360) [i686-darwin10.8.0]
2012-03-09 05:55:32 UTC	1.9.2	105.7525 requests per second	ruby 1.9.2p318 (2012-02-14 revision 34678) [x86_64-darwin10.8.0]
2012-03-09 06:12:57 UTC	1.9.2-head	105.5375 requests per second	ruby 1.9.2p318 (2012-02-18 revision 34677) [x86_64-darwin10.8.0]
2012-03-09 06:22:38 UTC	1.9.3	110.435 requests per second	ruby 1.9.3p125 (2012-02-16 revision 34643) [x86_64-darwin10.8.0]
2012-03-09 06:40:07 UTC	1.9.3-head	108.67750000000001 requests per second	ruby 1.9.3p163 (2012-03-06 revision 34932) [x86_64-darwin10.8.0]
2012-03-09 06:57:45 UTC	ruby-head	101.3325 requests per second	ruby 2.0.0dev (2012-03-09 trunk 34957) [x86_64-darwin10.8.0]
2012-03-09 07:11:44 UTC	jruby	51.125 requests per second	jruby 1.6.7 (ruby-1.8.7-p357) (2012-02-22 3e82bc8) (Java HotSpot(TM) 64-Bit Server VM 1.6.0_29) [darwin-x86_64-java]
2012-03-09 07:37:40 UTC	jruby-head	48.275 requests per second	jruby 1.7.0.dev (ruby-1.9.3-p139) (2012-03-09 ca898af) (Java HotSpot(TM) 64-Bit Server VM 1.6.0_29) [darwin-x86_64-java]
2012-03-09 08:11:20 UTC	rbx-head	73.1625 requests per second	rubinius 2.0.0dev (1.8.7 fdc6ab8e yyyy-mm-dd JI) [x86_64-apple-darwin10.8.0]
2012-03-10 05:30:21 UTC	1.8.7	74.975 requests per second	ruby 1.8.7 (2012-02-08 patchlevel 358) [i686-darwin10.8.0]
2012-03-10 05:46:53 UTC	1.8.7-head	74.895 requests per second	ruby 1.8.7 (2012-03-06 patchlevel 360) [i686-darwin10.8.0]
2012-03-10 05:56:35 UTC	1.9.2	105.75 requests per second	ruby 1.9.2p318 (2012-02-14 revision 34678) [x86_64-darwin10.8.0]
2012-03-10 06:13:56 UTC	1.9.2-head	105.52250000000001 requests per second	ruby 1.9.2p318 (2012-02-18 revision 34677) [x86_64-darwin10.8.0]
2012-03-10 06:23:37 UTC	1.9.3	107.68750000000001 requests per second	ruby 1.9.3p125 (2012-02-16 revision 34643) [x86_64-darwin10.8.0]
2012-03-10 06:41:08 UTC	1.9.3-head	108.94250000000001 requests per second	ruby 1.9.3p163 (2012-03-06 revision 34932) [x86_64-darwin10.8.0]
2012-03-10 06:58:38 UTC	ruby-head	100.8325 requests per second	ruby 2.0.0dev (2012-03-10 trunk 34960) [x86_64-darwin10.8.0]
2012-03-10 07:12:37 UTC	jruby	52.065 requests per second	jruby 1.6.7 (ruby-1.8.7-p357) (2012-02-22 3e82bc8) (Java HotSpot(TM) 64-Bit Server VM 1.6.0_29) [darwin-x86_64-java]
2012-03-10 07:38:34 UTC	jruby-head	46.22 requests per second	jruby 1.7.0.dev (ruby-1.9.3-p139) (2012-03-10 d62a1a4) (Java HotSpot(TM) 64-Bit Server VM 1.6.0_29) [darwin-x86_64-java]
2012-03-10 08:12:35 UTC	rbx-head	74.0025 requests per second	rubinius 2.0.0dev (1.8.7 6664d645 yyyy-mm-dd JI) [x86_64-apple-darwin10.8.0]
2012-03-11 05:29:17 UTC	1.8.7	74.265 requests per second	ruby 1.8.7 (2012-02-08 patchlevel 358) [i686-darwin10.8.0]
2012-03-11 05:45:49 UTC	1.8.7-head	74.285 requests per second	ruby 1.8.7 (2012-03-06 patchlevel 360) [i686-darwin10.8.0]
2012-03-11 05:55:30 UTC	1.9.2	105.98 requests per second	ruby 1.9.2p318 (2012-02-14 revision 34678) [x86_64-darwin10.8.0]
2012-03-11 06:13:10 UTC	1.9.2-head	105.2875 requests per second	ruby 1.9.2p318 (2012-02-18 revision 34677) [x86_64-darwin10.8.0]
2012-03-11 06:22:51 UTC	1.9.3	108.88749999999999 requests per second	ruby 1.9.3p125 (2012-02-16 revision 34643) [x86_64-darwin10.8.0]
2012-03-11 06:40:32 UTC	1.9.3-head	108.0825 requests per second	ruby 1.9.3p163 (2012-03-06 revision 34932) [x86_64-darwin10.8.0]
2012-03-11 06:58:24 UTC	ruby-head	111.27499999999999 requests per second	ruby 2.0.0dev (2012-03-11 trunk 34966) [x86_64-darwin10.8.0]
2012-03-11 07:12:23 UTC	jruby	52.2775 requests per second	jruby 1.6.7 (ruby-1.8.7-p357) (2012-02-22 3e82bc8) (Java HotSpot(TM) 64-Bit Server VM 1.6.0_29) [darwin-x86_64-java]
2012-03-11 07:38:27 UTC	jruby-head	47.7375 requests per second	jruby 1.7.0.dev (ruby-1.9.3-p139) (2012-03-11 d62a1a4) (Java HotSpot(TM) 64-Bit Server VM 1.6.0_29) [darwin-x86_64-java]
2012-03-11 08:12:43 UTC	rbx-head	72.33 requests per second	rubinius 2.0.0dev (1.8.7 0ee91215 yyyy-mm-dd JI) [x86_64-apple-darwin10.8.0]
2012-03-12 04:29:19 UTC	1.8.7	74.4625 requests per second	ruby 1.8.7 (2012-02-08 patchlevel 358) [i686-darwin10.8.0]
2012-03-12 04:45:56 UTC	1.8.7-head	75.31 requests per second	ruby 1.8.7 (2012-03-06 patchlevel 360) [i686-darwin10.8.0]
2012-03-12 04:55:38 UTC	1.9.2	106.2525 requests per second	ruby 1.9.2p318 (2012-02-14 revision 34678) [x86_64-darwin10.8.0]
2012-03-12 05:13:20 UTC	1.9.2-head	106.17750000000001 requests per second	ruby 1.9.2p318 (2012-02-18 revision 34677) [x86_64-darwin10.8.0]
2012-03-12 05:23:01 UTC	1.9.3	107.49249999999999 requests per second	ruby 1.9.3p125 (2012-02-16 revision 34643) [x86_64-darwin10.8.0]
2012-03-12 05:41:00 UTC	1.9.3-head	108.1025 requests per second	ruby 1.9.3p163 (2012-03-06 revision 34932) [x86_64-darwin10.8.0]
2012-03-12 05:59:12 UTC	ruby-head	112.2325 requests per second	ruby 2.0.0dev (2012-03-12 trunk 34983) [x86_64-darwin10.8.0]
2012-03-12 06:13:13 UTC	jruby	51.7675 requests per second	jruby 1.6.7 (ruby-1.8.7-p357) (2012-02-22 3e82bc8) (Java HotSpot(TM) 64-Bit Server VM 1.6.0_29) [darwin-x86_64-java]
2012-03-12 06:39:21 UTC	jruby-head	48.532500000000006 requests per second	jruby 1.7.0.dev (ruby-1.9.3-p139) (2012-03-12 b255b04) (Java HotSpot(TM) 64-Bit Server VM 1.6.0_29) [darwin-x86_64-java]
2012-03-12 07:13:46 UTC	rbx-head	73.36 requests per second	rubinius 2.0.0dev (1.8.7 a8099ff3 yyyy-mm-dd JI) [x86_64-apple-darwin10.8.0]
2012-03-13 04:29:19 UTC	1.8.7	75.0 requests per second	ruby 1.8.7 (2012-02-08 patchlevel 358) [i686-darwin10.8.0]
2012-03-13 04:46:04 UTC	1.8.7-head	74.6225 requests per second	ruby 1.8.7 (2012-03-06 patchlevel 360) [i686-darwin10.8.0]
2012-03-13 04:55:46 UTC	1.9.2	105.83749999999999 requests per second	ruby 1.9.2p318 (2012-02-14 revision 34678) [x86_64-darwin10.8.0]
2012-03-13 05:13:19 UTC	1.9.2-head	105.7225 requests per second	ruby 1.9.2p318 (2012-02-18 revision 34677) [x86_64-darwin10.8.0]
2012-03-13 05:23:00 UTC	1.9.3	110.45249999999999 requests per second	ruby 1.9.3p125 (2012-02-16 revision 34643) [x86_64-darwin10.8.0]
2012-03-13 05:40:39 UTC	1.9.3-head	108.2125 requests per second	ruby 1.9.3p163 (2012-03-06 revision 34932) [x86_64-darwin10.8.0]
2012-03-13 05:58:24 UTC	ruby-head	112.1 requests per second	ruby 2.0.0dev (2012-03-13 trunk 34997) [x86_64-darwin10.8.0]
2012-03-13 06:12:23 UTC	jruby	52.18 requests per second	jruby 1.6.7 (ruby-1.8.7-p357) (2012-02-22 3e82bc8) (Java HotSpot(TM) 64-Bit Server VM 1.6.0_29) [darwin-x86_64-java]
2012-03-13 06:38:26 UTC	jruby-head	47.9 requests per second	jruby 1.7.0.dev (ruby-1.9.3-p139) (2012-03-13 27cb5be) (Java HotSpot(TM) 64-Bit Server VM 1.6.0_29) [darwin-x86_64-java]
2012-03-13 06:53:42 UTC	rbx-head	failed to install rbx-head	failed to install rbx-head
2012-03-14 04:29:19 UTC	1.8.7	74.5375 requests per second	ruby 1.8.7 (2012-02-08 patchlevel 358) [i686-darwin10.8.0]
2012-03-14 04:45:58 UTC	1.8.7-head	74.58 requests per second	ruby 1.8.7 (2012-03-06 patchlevel 360) [i686-darwin10.8.0]
2012-03-14 04:55:39 UTC	1.9.2	105.9575 requests per second	ruby 1.9.2p318 (2012-02-14 revision 34678) [x86_64-darwin10.8.0]
2012-03-14 05:13:09 UTC	1.9.2-head	105.59 requests per second	ruby 1.9.2p318 (2012-02-18 revision 34677) [x86_64-darwin10.8.0]
2012-03-14 05:22:50 UTC	1.9.3	113.28 requests per second	ruby 1.9.3p125 (2012-02-16 revision 34643) [x86_64-darwin10.8.0]
2012-03-14 05:40:23 UTC	1.9.3-head	107.8325 requests per second	ruby 1.9.3p163 (2012-03-14 revision 35012) [x86_64-darwin10.8.0]
2012-03-14 05:57:47 UTC	ruby-head	111.605 requests per second	ruby 2.0.0dev (2012-03-14 trunk 35010) [x86_64-darwin10.8.0]
2012-03-14 06:11:46 UTC	jruby	52.1775 requests per second	jruby 1.6.7 (ruby-1.8.7-p357) (2012-02-22 3e82bc8) (Java HotSpot(TM) 64-Bit Server VM 1.6.0_29) [darwin-x86_64-java]
2012-03-14 06:37:54 UTC	jruby-head	47.8725 requests per second	jruby 1.7.0.dev (ruby-2.0.0dev) (2012-03-14 82cf02b) (Java HotSpot(TM) 64-Bit Server VM 1.6.0_29) [darwin-x86_64-java]
2012-03-14 07:11:57 UTC	rbx-head	73.4225 requests per second	rubinius 2.0.0dev (1.8.7 2406057f yyyy-mm-dd JI) [x86_64-apple-darwin10.8.0]
2012-03-15 04:29:19 UTC	1.8.7	75.0675 requests per second	ruby 1.8.7 (2012-02-08 patchlevel 358) [i686-darwin10.8.0]
2012-03-15 04:46:03 UTC	1.8.7-head	75.19 requests per second	ruby 1.8.7 (2012-03-06 patchlevel 360) [i686-darwin10.8.0]
2012-03-15 04:55:45 UTC	1.9.2	105.7975 requests per second	ruby 1.9.2p318 (2012-02-14 revision 34678) [x86_64-darwin10.8.0]
2012-03-15 05:13:30 UTC	1.9.2-head	104.5575 requests per second	ruby 1.9.2p318 (2012-02-18 revision 34677) [x86_64-darwin10.8.0]
2012-03-15 05:23:11 UTC	1.9.3	111.235 requests per second	ruby 1.9.3p125 (2012-02-16 revision 34643) [x86_64-darwin10.8.0]
2012-03-15 05:41:01 UTC	1.9.3-head	108.8475 requests per second	ruby 1.9.3p163 (2012-03-14 revision 35012) [x86_64-darwin10.8.0]
2012-03-15 05:58:56 UTC	ruby-head	111.1375 requests per second	ruby 2.0.0dev (2012-03-15 trunk 35031) [x86_64-darwin10.8.0]
2012-03-15 06:15:00 UTC	jruby	52.2775 requests per second	jruby 1.6.7 (ruby-1.8.7-p357) (2012-02-22 3e82bc8) (Java HotSpot(TM) 64-Bit Server VM 1.6.0_29) [darwin-x86_64-java]
2012-03-15 06:41:13 UTC	jruby-head	46.707499999999996 requests per second	jruby 1.7.0.dev (ruby-2.0.0dev) (2012-03-15 66ec142) (Java HotSpot(TM) 64-Bit Server VM 1.6.0_29) [darwin-x86_64-java]
2012-03-15 07:15:43 UTC	rbx-head	73.6875 requests per second	rubinius 2.0.0dev (1.8.7 176f6623 yyyy-mm-dd JI) [x86_64-apple-darwin10.8.0]
2012-03-18 04:33:49 UTC	1.8.7	68.375 requests per second	ruby 1.8.7 (2012-02-08 patchlevel 358) [i686-darwin10.8.0]
2012-03-18 05:05:30 UTC	1.8.7-head	66.57 requests per second	ruby 1.8.7 (2012-03-06 patchlevel 360) [i686-darwin10.8.0]
2012-03-18 05:25:40 UTC	1.9.2	93.9975 requests per second	ruby 1.9.2p318 (2012-02-14 revision 34678) [x86_64-darwin10.8.0]
2012-03-18 06:04:08 UTC	1.9.2-head	92.94749999999999 requests per second	ruby 1.9.2p318 (2012-02-18 revision 34677) [x86_64-darwin10.8.0]
2012-03-18 06:24:04 UTC	1.9.3	101.3375 requests per second	ruby 1.9.3p125 (2012-02-16 revision 34643) [x86_64-darwin10.8.0]
2012-03-18 06:58:29 UTC	1.9.3-head	89.75500000000001 requests per second	ruby 1.9.3p165 (2012-03-18 revision 35078) [x86_64-darwin10.8.0]
2012-03-18 07:33:19 UTC	ruby-head	97.33 requests per second	ruby 2.0.0dev (2012-03-18 trunk 35079) [x86_64-darwin10.8.0]
2012-03-18 08:03:35 UTC	jruby	26.0375 requests per second	jruby 1.6.7 (ruby-1.8.7-p357) (2012-02-22 3e82bc8) (Java HotSpot(TM) 64-Bit Server VM 1.6.0_29) [darwin-x86_64-java]
2012-03-18 08:49:42 UTC	jruby-head	27.1675 requests per second	jruby 1.7.0.dev (ruby-1.9.3-p139) (2012-03-18 693da51) (Java HotSpot(TM) 64-Bit Server VM 1.6.0_29) [darwin-x86_64-java]
2012-03-18 09:41:23 UTC	rbx-head	56.332499999999996 requests per second	rubinius 2.0.0dev (1.8.7 c35e7f67 yyyy-mm-dd JI) [x86_64-apple-darwin10.8.0]
2012-03-19 04:29:19 UTC	1.8.7	74.6 requests per second	ruby 1.8.7 (2012-02-08 patchlevel 358) [i686-darwin10.8.0]
2012-03-19 04:46:00 UTC	1.8.7-head	74.52 requests per second	ruby 1.8.7 (2012-03-06 patchlevel 360) [i686-darwin10.8.0]
2012-03-19 04:55:42 UTC	1.9.2	106.315 requests per second	ruby 1.9.2p318 (2012-02-14 revision 34678) [x86_64-darwin10.8.0]
2012-03-19 05:13:30 UTC	1.9.2-head	105.4925 requests per second	ruby 1.9.2p318 (2012-02-18 revision 34677) [x86_64-darwin10.8.0]
2012-03-19 05:23:11 UTC	1.9.3	112.2625 requests per second	ruby 1.9.3p125 (2012-02-16 revision 34643) [x86_64-darwin10.8.0]
2012-03-19 05:41:07 UTC	1.9.3-head	107.0125 requests per second	ruby 1.9.3p165 (2012-03-18 revision 35078) [x86_64-darwin10.8.0]
2012-03-19 05:59:27 UTC	ruby-head	111.755 requests per second	ruby 2.0.0dev (2012-03-19 trunk 35087) [x86_64-darwin10.8.0]
2012-03-19 06:14:27 UTC	jruby	50.0625 requests per second	jruby 1.6.7 (ruby-1.8.7-p357) (2012-02-22 3e82bc8) (Java HotSpot(TM) 64-Bit Server VM 1.6.0_29) [darwin-x86_64-java]
2012-03-19 06:40:43 UTC	jruby-head	47.865 requests per second	jruby 1.7.0.dev (ruby-1.9.3-p139) (2012-03-19 90f3163) (Java HotSpot(TM) 64-Bit Server VM 1.6.0_29) [darwin-x86_64-java]
2012-03-19 07:16:21 UTC	rbx-head	73.41999999999999 requests per second	rubinius 2.0.0dev (1.8.7 76f21f86 yyyy-mm-dd JI) [x86_64-apple-darwin10.8.0]
2012-03-21 04:29:19 UTC	1.8.7	75.2275 requests per second	ruby 1.8.7 (2012-02-08 patchlevel 358) [i686-darwin10.8.0]
2012-03-21 04:46:11 UTC	1.8.7-head	74.53 requests per second	ruby 1.8.7 (2012-03-06 patchlevel 360) [i686-darwin10.8.0]
2012-03-21 04:55:53 UTC	1.9.2	105.97999999999999 requests per second	ruby 1.9.2p318 (2012-02-14 revision 34678) [x86_64-darwin10.8.0]
2012-03-21 05:13:46 UTC	1.9.2-head	106.02250000000001 requests per second	ruby 1.9.2p318 (2012-02-18 revision 34677) [x86_64-darwin10.8.0]
2012-03-21 05:23:27 UTC	1.9.3	114.07499999999999 requests per second	ruby 1.9.3p125 (2012-02-16 revision 34643) [x86_64-darwin10.8.0]
2012-03-21 05:41:24 UTC	1.9.3-head	108.1275 requests per second	ruby 1.9.3p165 (2012-03-18 revision 35078) [x86_64-darwin10.8.0]
2012-03-21 05:59:33 UTC	ruby-head	112.0175 requests per second	ruby 2.0.0dev (2012-03-20 trunk 35094) [x86_64-darwin10.8.0]
2012-03-21 06:14:32 UTC	jruby	51.575 requests per second	jruby 1.6.7 (ruby-1.8.7-p357) (2012-02-22 3e82bc8) (Java HotSpot(TM) 64-Bit Server VM 1.6.0_29) [darwin-x86_64-java]
2012-03-21 06:41:01 UTC	jruby-head	47.7475 requests per second	jruby 1.7.0.dev (ruby-1.9.3-p139) (2012-03-21 a1e5eed) (Java HotSpot(TM) 64-Bit Server VM 1.6.0_29) [darwin-x86_64-java]
2012-03-21 07:16:00 UTC	rbx-head	74.33250000000001 requests per second	rubinius 2.0.0dev (1.8.7 d7b652b5 yyyy-mm-dd JI) [x86_64-apple-darwin10.8.0]
2012-03-22 04:29:19 UTC	1.8.7	74.5375 requests per second	ruby 1.8.7 (2012-02-08 patchlevel 358) [i686-darwin10.8.0]
2012-03-22 04:46:13 UTC	1.8.7-head	75.2075 requests per second	ruby 1.8.7 (2012-03-06 patchlevel 360) [i686-darwin10.8.0]
2012-03-22 04:55:54 UTC	1.9.2	106.455 requests per second	ruby 1.9.2p318 (2012-02-14 revision 34678) [x86_64-darwin10.8.0]
2012-03-22 05:13:53 UTC	1.9.2-head	106.16499999999999 requests per second	ruby 1.9.2p318 (2012-02-18 revision 34677) [x86_64-darwin10.8.0]
2012-03-22 05:23:33 UTC	1.9.3	110.9375 requests per second	ruby 1.9.3p125 (2012-02-16 revision 34643) [x86_64-darwin10.8.0]
2012-03-22 05:41:42 UTC	1.9.3-head	108.1425 requests per second	ruby 1.9.3p165 (2012-03-18 revision 35078) [x86_64-darwin10.8.0]
2012-03-22 05:59:57 UTC	ruby-head	111.03999999999999 requests per second	ruby 2.0.0dev (2012-03-22 trunk 35103) [x86_64-darwin10.8.0]
2012-03-22 06:14:57 UTC	jruby	52.2625 requests per second	jruby 1.6.7 (ruby-1.8.7-p357) (2012-02-22 3e82bc8) (Java HotSpot(TM) 64-Bit Server VM 1.6.0_29) [darwin-x86_64-java]
2012-03-22 06:41:27 UTC	jruby-head	47.222500000000004 requests per second	jruby 1.7.0.dev (ruby-1.9.3-p139) (2012-03-22 a1e5eed) (Java HotSpot(TM) 64-Bit Server VM 1.6.0_29) [darwin-x86_64-java]
2012-03-22 07:16:28 UTC	rbx-head	75.03999999999999 requests per second	rubinius 2.0.0dev (1.8.7 eb8bb581 yyyy-mm-dd JI) [x86_64-apple-darwin10.8.0]
2012-03-24 04:29:19 UTC	1.8.7	74.26 requests per second	ruby 1.8.7 (2012-02-08 patchlevel 358) [i686-darwin10.8.0]
2012-03-24 04:46:13 UTC	1.8.7-head	74.5875 requests per second	ruby 1.8.7 (2012-03-06 patchlevel 360) [i686-darwin10.8.0]
2012-03-24 04:55:55 UTC	1.9.2	106.23500000000001 requests per second	ruby 1.9.2p318 (2012-02-14 revision 34678) [x86_64-darwin10.8.0]
2012-03-24 05:13:54 UTC	1.9.2-head	106.27 requests per second	ruby 1.9.2p318 (2012-02-18 revision 34677) [x86_64-darwin10.8.0]
2012-03-24 05:23:35 UTC	1.9.3	111.0725 requests per second	ruby 1.9.3p125 (2012-02-16 revision 34643) [x86_64-darwin10.8.0]
2012-03-24 05:41:31 UTC	1.9.3-head	110.03750000000001 requests per second	ruby 1.9.3p165 (2012-03-18 revision 35078) [x86_64-darwin10.8.0]
2012-03-24 05:59:45 UTC	ruby-head	101.965 requests per second	ruby 2.0.0dev (2012-03-23 trunk 35121) [x86_64-darwin10.8.0]
2012-03-24 06:14:45 UTC	jruby	52.03 requests per second	jruby 1.6.7 (ruby-1.8.7-p357) (2012-02-22 3e82bc8) (Java HotSpot(TM) 64-Bit Server VM 1.6.0_29) [darwin-x86_64-java]
2012-03-24 06:41:10 UTC	jruby-head	46.6025 requests per second	jruby 1.7.0.dev (ruby-1.9.3-p139) (2012-03-24 43e91dd) (Java HotSpot(TM) 64-Bit Server VM 1.6.0_29) [darwin-x86_64-java]
2012-03-24 07:15:55 UTC	rbx-head	71.92500000000001 requests per second	rubinius 2.0.0dev (1.8.7 3b52b23a yyyy-mm-dd JI) [x86_64-apple-darwin10.8.0]
2012-03-25 04:29:20 UTC	1.8.7	75.1825 requests per second	ruby 1.8.7 (2012-02-08 patchlevel 358) [i686-darwin10.8.0]
2012-03-25 04:46:14 UTC	1.8.7-head	74.9075 requests per second	ruby 1.8.7 (2012-03-06 patchlevel 360) [i686-darwin10.8.0]
2012-03-25 04:55:56 UTC	1.9.2	106.185 requests per second	ruby 1.9.2p318 (2012-02-14 revision 34678) [x86_64-darwin10.8.0]
2012-03-25 05:13:39 UTC	1.9.2-head	106.6175 requests per second	ruby 1.9.2p318 (2012-02-18 revision 34677) [x86_64-darwin10.8.0]
2012-03-25 05:23:20 UTC	1.9.3	110.9225 requests per second	ruby 1.9.3p125 (2012-02-16 revision 34643) [x86_64-darwin10.8.0]
2012-03-25 05:41:06 UTC	1.9.3-head	109.78 requests per second	ruby 1.9.3p165 (2012-03-18 revision 35078) [x86_64-darwin10.8.0]
2012-03-25 05:59:03 UTC	ruby-head	102.035 requests per second	ruby 2.0.0dev (2012-03-25 trunk 35126) [x86_64-darwin10.8.0]
2012-03-25 06:13:05 UTC	jruby	52.4875 requests per second	jruby 1.6.7 (ruby-1.8.7-p357) (2012-02-22 3e82bc8) (Java HotSpot(TM) 64-Bit Server VM 1.6.0_29) [darwin-x86_64-java]
2012-03-25 06:39:23 UTC	jruby-head	47.2775 requests per second	jruby 1.7.0.dev (ruby-1.9.3-p139) (2012-03-25 248afa3) (Java HotSpot(TM) 64-Bit Server VM 1.6.0_29) [darwin-x86_64-java]
2012-03-25 07:13:44 UTC	rbx-head	73.6075 requests per second	rubinius 2.0.0dev (1.8.7 75549997 yyyy-mm-dd JI) [x86_64-apple-darwin10.8.0]
2012-03-26 04:29:19 UTC	1.8.7	74.79 requests per second	ruby 1.8.7 (2012-02-08 patchlevel 358) [i686-darwin10.8.0]
2012-03-26 04:46:05 UTC	1.8.7-head	74.575 requests per second	ruby 1.8.7 (2012-03-06 patchlevel 360) [i686-darwin10.8.0]
2012-03-26 04:55:47 UTC	1.9.2	106.01499999999999 requests per second	ruby 1.9.2p318 (2012-02-14 revision 34678) [x86_64-darwin10.8.0]
2012-03-26 05:13:20 UTC	1.9.2-head	106.03999999999999 requests per second	ruby 1.9.2p318 (2012-02-18 revision 34677) [x86_64-darwin10.8.0]
2012-03-26 05:23:02 UTC	1.9.3	108.66749999999999 requests per second	ruby 1.9.3p125 (2012-02-16 revision 34643) [x86_64-darwin10.8.0]
2012-03-26 05:40:43 UTC	1.9.3-head	109.785 requests per second	ruby 1.9.3p166 (2012-03-26 revision 35128) [x86_64-darwin10.8.0]
2012-03-26 05:58:37 UTC	ruby-head	101.45750000000001 requests per second	ruby 2.0.0dev (2012-03-26 trunk 35135) [x86_64-darwin10.8.0]
2012-03-26 06:12:36 UTC	jruby	51.435 requests per second	jruby 1.6.7 (ruby-1.8.7-p357) (2012-02-22 3e82bc8) (Java HotSpot(TM) 64-Bit Server VM 1.6.0_29) [darwin-x86_64-java]
2012-03-26 06:38:51 UTC	jruby-head	47.497499999999995 requests per second	jruby 1.7.0.dev (ruby-1.9.3-p139) (2012-03-26 c3346bf) (Java HotSpot(TM) 64-Bit Server VM 1.6.0_29) [darwin-x86_64-java]
2012-03-26 07:13:01 UTC	rbx-head	73.08 requests per second	rubinius 2.0.0dev (1.8.7 b4ab27cf yyyy-mm-dd JI) [x86_64-apple-darwin10.8.0]
2012-03-28 04:29:21 UTC	1.8.7	75.1 requests per second	ruby 1.8.7 (2012-02-08 patchlevel 358) [i686-darwin10.8.0]
2012-03-28 04:46:13 UTC	1.8.7-head	74.235 requests per second	ruby 1.8.7 (2012-03-06 patchlevel 360) [i686-darwin10.8.0]
2012-03-28 04:55:55 UTC	1.9.2	105.5425 requests per second	ruby 1.9.2p318 (2012-02-14 revision 34678) [x86_64-darwin10.8.0]
2012-03-28 05:13:41 UTC	1.9.2-head	104.92 requests per second	ruby 1.9.2p318 (2012-02-18 revision 34677) [x86_64-darwin10.8.0]
2012-03-28 05:23:23 UTC	1.9.3	108.2325 requests per second	ruby 1.9.3p125 (2012-02-16 revision 34643) [x86_64-darwin10.8.0]
2012-03-28 05:41:19 UTC	1.9.3-head	110.305 requests per second	ruby 1.9.3p167 (2012-03-27 revision 35149) [x86_64-darwin10.8.0]
2012-03-28 05:59:26 UTC	ruby-head	102.0175 requests per second	ruby 2.0.0dev (2012-03-28 trunk 35155) [x86_64-darwin10.8.0]
2012-03-28 06:13:26 UTC	jruby	52.1025 requests per second	jruby 1.6.7 (ruby-1.8.7-p357) (2012-02-22 3e82bc8) (Java HotSpot(TM) 64-Bit Server VM 1.6.0_29) [darwin-x86_64-java]
2012-03-28 06:39:40 UTC	jruby-head	47.057500000000005 requests per second	jruby 1.7.0.dev (ruby-1.9.3-p139) (2012-03-28 c725e7d) (Java HotSpot(TM) 64-Bit Server VM 1.6.0_29) [darwin-x86_64-java]
2012-03-28 07:14:13 UTC	rbx-head	73.9125 requests per second	rubinius 2.0.0dev (1.8.7 4d89e1e5 yyyy-mm-dd JI) [x86_64-apple-darwin10.8.0]
2012-03-29 04:29:20 UTC	1.8.7	73.8725 requests per second	ruby 1.8.7 (2012-02-08 patchlevel 358) [i686-darwin10.8.0]
2012-03-29 04:46:16 UTC	1.8.7-head	74.9925 requests per second	ruby 1.8.7 (2012-03-06 patchlevel 360) [i686-darwin10.8.0]
2012-03-29 04:55:59 UTC	1.9.2	105.5 requests per second	ruby 1.9.2p318 (2012-02-14 revision 34678) [x86_64-darwin10.8.0]
2012-03-29 05:13:35 UTC	1.9.2-head	104.95250000000001 requests per second	ruby 1.9.2p318 (2012-02-18 revision 34677) [x86_64-darwin10.8.0]
2012-03-29 05:23:16 UTC	1.9.3	108.47 requests per second	ruby 1.9.3p125 (2012-02-16 revision 34643) [x86_64-darwin10.8.0]
2012-03-29 05:41:03 UTC	1.9.3-head	109.83500000000001 requests per second	ruby 1.9.3p168 (2012-03-29 revision 35166) [x86_64-darwin10.8.0]
2012-03-29 05:59:01 UTC	ruby-head	100.61 requests per second	ruby 2.0.0dev (2012-03-29 trunk 35167) [x86_64-darwin10.8.0]
2012-03-29 06:13:01 UTC	jruby	51.925 requests per second	jruby 1.6.7 (ruby-1.8.7-p357) (2012-02-22 3e82bc8) (Java HotSpot(TM) 64-Bit Server VM 1.6.0_29) [darwin-x86_64-java]
2012-03-29 06:39:17 UTC	jruby-head	47.71 requests per second	jruby 1.7.0.dev (ruby-1.9.3-p139) (2012-03-29 b626b36) (Java HotSpot(TM) 64-Bit Server VM 1.6.0_29) [darwin-x86_64-java]
2012-03-29 07:13:32 UTC	rbx-head	73.81 requests per second	rubinius 2.0.0dev (1.8.7 b6cc3adb yyyy-mm-dd JI) [x86_64-apple-darwin10.8.0]
2012-03-30 04:32:18 UTC	1.8.7	75.125 requests per second	ruby 1.8.7 (2012-02-08 patchlevel 358) [i686-darwin10.8.0]
2012-03-30 04:49:11 UTC	1.8.7-head	74.57 requests per second	ruby 1.8.7 (2012-03-06 patchlevel 360) [i686-darwin10.8.0]
2012-03-30 04:58:53 UTC	1.9.2	105.815 requests per second	ruby 1.9.2p318 (2012-02-14 revision 34678) [x86_64-darwin10.8.0]
2012-03-30 05:16:30 UTC	1.9.2-head	105.85 requests per second	ruby 1.9.2p318 (2012-02-18 revision 34677) [x86_64-darwin10.8.0]
2012-03-30 05:26:12 UTC	1.9.3	108.8975 requests per second	ruby 1.9.3p125 (2012-02-16 revision 34643) [x86_64-darwin10.8.0]
2012-03-30 05:44:02 UTC	1.9.3-head	109.22 requests per second	ruby 1.9.3p168 (2012-03-29 revision 35166) [x86_64-darwin10.8.0]
2012-03-30 06:01:57 UTC	ruby-head	103.5925 requests per second	ruby 2.0.0dev (2012-03-30 trunk 35174) [x86_64-darwin10.8.0]
2012-03-30 06:15:56 UTC	jruby	52.155 requests per second	jruby 1.6.7 (ruby-1.8.7-p357) (2012-02-22 3e82bc8) (Java HotSpot(TM) 64-Bit Server VM 1.6.0_29) [darwin-x86_64-java]
2012-03-30 06:42:12 UTC	jruby-head	46.6225 requests per second	jruby 1.7.0.dev (ruby-1.9.3-p139) (2012-03-30 0f2f8b9) (Java HotSpot(TM) 64-Bit Server VM 1.6.0_29) [darwin-x86_64-java]
2012-03-30 07:16:21 UTC	rbx-head	73.17 requests per second	rubinius 2.0.0dev (1.8.7 b6cc3adb yyyy-mm-dd JI) [x86_64-apple-darwin10.8.0]
2012-04-02 04:34:06 UTC	1.8.7	73.6725 requests per second	ruby 1.8.7 (2012-02-08 patchlevel 358) [i686-darwin10.8.0]
2012-04-02 04:51:13 UTC	1.8.7-head	73.5575 requests per second	ruby 1.8.7 (2012-03-06 patchlevel 360) [i686-darwin10.8.0]
2012-04-02 05:00:57 UTC	1.9.2	104.055 requests per second	ruby 1.9.2p318 (2012-02-14 revision 34678) [x86_64-darwin10.8.0]
2012-04-02 05:18:53 UTC	1.9.2-head	103.97000000000001 requests per second	ruby 1.9.2p318 (2012-02-18 revision 34677) [x86_64-darwin10.8.0]
2012-04-02 05:29:36 UTC	1.9.3	107.08 requests per second	ruby 1.9.3p125 (2012-02-16 revision 34643) [x86_64-darwin10.8.0]
2012-04-02 05:47:45 UTC	1.9.3-head	109.56500000000001 requests per second	ruby 1.9.3p173 (2012-04-01 revision 35203) [x86_64-darwin10.8.0]
2012-04-02 06:05:59 UTC	ruby-head	100.4575 requests per second	ruby 2.0.0dev (2012-04-02 trunk 35214) [x86_64-darwin10.8.0]
2012-04-02 06:19:58 UTC	jruby	51.4775 requests per second	jruby 1.6.7 (ruby-1.8.7-p357) (2012-02-22 3e82bc8) (Java HotSpot(TM) 64-Bit Server VM 1.6.0_29) [darwin-x86_64-java]
2012-04-02 06:46:17 UTC	jruby-head	46.5425 requests per second	jruby 1.7.0.dev (ruby-1.9.3-p139) (2012-04-02 37113f6) (Java HotSpot(TM) 64-Bit Server VM 1.6.0_29) [darwin-x86_64-java]
2012-04-02 07:20:40 UTC	rbx-head	72.11999999999999 requests per second	rubinius 2.0.0dev (1.8.7 fc19e8ce yyyy-mm-dd JI) [x86_64-apple-darwin10.8.0]
2012-04-03 04:30:28 UTC	1.8.7	74.72 requests per second	ruby 1.8.7 (2012-02-08 patchlevel 358) [i686-darwin10.8.0]
2012-04-03 04:47:24 UTC	1.8.7-head	74.7925 requests per second	ruby 1.8.7 (2012-03-06 patchlevel 360) [i686-darwin10.8.0]
2012-04-03 04:57:05 UTC	1.9.2	105.86500000000001 requests per second	ruby 1.9.2p318 (2012-02-14 revision 34678) [x86_64-darwin10.8.0]
2012-04-03 05:14:49 UTC	1.9.2-head	104.9725 requests per second	ruby 1.9.2p318 (2012-02-18 revision 34677) [x86_64-darwin10.8.0]
2012-04-03 05:24:31 UTC	1.9.3	107.1925 requests per second	ruby 1.9.3p125 (2012-02-16 revision 34643) [x86_64-darwin10.8.0]
2012-04-03 05:42:21 UTC	1.9.3-head	109.445 requests per second	ruby 1.9.3p173 (2012-04-01 revision 35203) [x86_64-darwin10.8.0]
2012-04-03 06:00:21 UTC	ruby-head	110.15249999999999 requests per second	ruby 2.0.0dev (2012-04-03 trunk 35220) [x86_64-darwin10.8.0]
2012-04-03 06:14:21 UTC	jruby	51.5675 requests per second	jruby 1.6.7 (ruby-1.8.7-p357) (2012-02-22 3e82bc8) (Java HotSpot(TM) 64-Bit Server VM 1.6.0_29) [darwin-x86_64-java]
2012-04-03 06:40:40 UTC	jruby-head	46.637499999999996 requests per second	jruby 1.7.0.dev (ruby-1.9.3-p139) (2012-04-03 f031f63) (Java HotSpot(TM) 64-Bit Server VM 1.6.0_29) [darwin-x86_64-java]
2012-04-03 07:14:58 UTC	rbx-head	73.72 requests per second	rubinius 2.0.0dev (1.8.7 7967569d yyyy-mm-dd JI) [x86_64-apple-darwin10.8.0]
2012-04-04 04:29:20 UTC	1.8.7	74.8175 requests per second	ruby 1.8.7 (2012-02-08 patchlevel 358) [i686-darwin10.8.0]
2012-04-04 04:46:18 UTC	1.8.7-head	74.765 requests per second	ruby 1.8.7 (2012-03-06 patchlevel 360) [i686-darwin10.8.0]
2012-04-04 04:56:01 UTC	1.9.2	105.64500000000001 requests per second	ruby 1.9.2p318 (2012-02-14 revision 34678) [x86_64-darwin10.8.0]
2012-04-04 05:13:44 UTC	1.9.2-head	105.07249999999999 requests per second	ruby 1.9.2p318 (2012-02-18 revision 34677) [x86_64-darwin10.8.0]
2012-04-04 05:23:26 UTC	1.9.3	106.8725 requests per second	ruby 1.9.3p125 (2012-02-16 revision 34643) [x86_64-darwin10.8.0]
2012-04-04 05:41:17 UTC	1.9.3-head	108.9425 requests per second	ruby 1.9.3p175 (2012-04-04 revision 35233) [x86_64-darwin10.8.0]
2012-04-04 05:59:23 UTC	ruby-head	110.2525 requests per second	ruby 2.0.0dev (2012-04-04 trunk 35236) [x86_64-darwin10.8.0]
2012-04-04 06:13:23 UTC	jruby	51.625 requests per second	jruby 1.6.7 (ruby-1.8.7-p357) (2012-02-22 3e82bc8) (Java HotSpot(TM) 64-Bit Server VM 1.6.0_31) [darwin-x86_64-java]
2012-04-04 06:39:41 UTC	jruby-head	47.65 requests per second	jruby 1.7.0.dev (ruby-1.9.3-p139) (2012-04-04 eefdd31) (Java HotSpot(TM) 64-Bit Server VM 1.6.0_31) [darwin-x86_64-java]
2012-04-04 07:14:09 UTC	rbx-head	73.96 requests per second	rubinius 2.0.0dev (1.8.7 cbcc490a yyyy-mm-dd JI) [x86_64-apple-darwin10.8.0]
2012-04-05 04:34:21 UTC	1.8.7	74.52 requests per second	ruby 1.8.7 (2012-02-08 patchlevel 358) [i686-darwin10.8.0]
2012-04-05 04:51:11 UTC	1.8.7-head	74.605 requests per second	ruby 1.8.7 (2012-03-06 patchlevel 360) [i686-darwin10.8.0]
2012-04-05 05:00:53 UTC	1.9.2	105.6325 requests per second	ruby 1.9.2p318 (2012-02-14 revision 34678) [x86_64-darwin10.8.0]
2012-04-05 05:18:32 UTC	1.9.2-head	105.48750000000001 requests per second	ruby 1.9.2p318 (2012-02-18 revision 34677) [x86_64-darwin10.8.0]
2012-04-05 05:28:15 UTC	1.9.3	108.14500000000001 requests per second	ruby 1.9.3p125 (2012-02-16 revision 34643) [x86_64-darwin10.8.0]
2012-04-05 05:46:01 UTC	1.9.3-head	109.165 requests per second	ruby 1.9.3p176 (2012-04-04 revision 35238) [x86_64-darwin10.8.0]
2012-04-05 06:04:15 UTC	ruby-head	109.8175 requests per second	ruby 2.0.0dev (2012-04-05 trunk 35241) [x86_64-darwin10.8.0]
2012-04-05 06:19:14 UTC	jruby	52.005 requests per second	jruby 1.6.7 (ruby-1.8.7-p357) (2012-02-22 3e82bc8) (Java HotSpot(TM) 64-Bit Server VM 1.6.0_31) [darwin-x86_64-java]
2012-04-05 06:45:37 UTC	jruby-head	47.9925 requests per second	jruby 1.7.0.dev (ruby-1.9.3-p139) (2012-04-05 467169c) (Java HotSpot(TM) 64-Bit Server VM 1.6.0_31) [darwin-x86_64-java]
2012-04-05 07:10:08 UTC	rbx-head	74.11250000000001 requests per second	rubinius 2.0.0dev (1.8.7 29b80444 yyyy-mm-dd JI) [x86_64-apple-darwin10.8.0]
2012-04-06 04:29:22 UTC	1.8.7	74.05 requests per second	ruby 1.8.7 (2012-02-08 patchlevel 358) [i686-darwin10.8.0]
2012-04-06 04:46:24 UTC	1.8.7-head	73.6475 requests per second	ruby 1.8.7 (2012-03-06 patchlevel 360) [i686-darwin10.8.0]
2012-04-06 04:56:07 UTC	1.9.2	105.59750000000001 requests per second	ruby 1.9.2p318 (2012-02-14 revision 34678) [x86_64-darwin10.8.0]
2012-04-06 05:13:44 UTC	1.9.2-head	105.33250000000001 requests per second	ruby 1.9.2p318 (2012-02-18 revision 34677) [x86_64-darwin10.8.0]
2012-04-06 05:23:26 UTC	1.9.3	106.13 requests per second	ruby 1.9.3p125 (2012-02-16 revision 34643) [x86_64-darwin10.8.0]
2012-04-06 05:41:12 UTC	1.9.3-head	109.335 requests per second	ruby 1.9.3p176 (2012-04-04 revision 35238) [x86_64-darwin10.8.0]
2012-04-06 05:59:06 UTC	ruby-head	109.615 requests per second	ruby 2.0.0dev (2012-04-06 trunk 35243) [x86_64-darwin10.8.0]
2012-04-06 06:13:05 UTC	jruby	51.6 requests per second	jruby 1.6.7 (ruby-1.8.7-p357) (2012-02-22 3e82bc8) (Java HotSpot(TM) 64-Bit Server VM 1.6.0_31) [darwin-x86_64-java]
2012-04-06 06:39:26 UTC	jruby-head	47.345 requests per second	jruby 1.7.0.dev (ruby-1.9.3-p139) (2012-04-06 9b7af0e) (Java HotSpot(TM) 64-Bit Server VM 1.6.0_31) [darwin-x86_64-java]
2012-04-06 07:03:49 UTC	rbx-head	72.5875 requests per second	rubinius 2.0.0dev (1.8.7 29b80444 yyyy-mm-dd JI) [x86_64-apple-darwin10.8.0]
2012-04-07 04:29:20 UTC	1.8.7	74.58 requests per second	ruby 1.8.7 (2012-02-08 patchlevel 358) [i686-darwin10.8.0]
2012-04-07 04:46:21 UTC	1.8.7-head	74.135 requests per second	ruby 1.8.7 (2012-03-06 patchlevel 360) [i686-darwin10.8.0]
2012-04-07 04:56:04 UTC	1.9.2	105.61 requests per second	ruby 1.9.2p318 (2012-02-14 revision 34678) [x86_64-darwin10.8.0]
2012-04-07 05:13:40 UTC	1.9.2-head	105.525 requests per second	ruby 1.9.2p318 (2012-02-18 revision 34677) [x86_64-darwin10.8.0]
2012-04-07 05:23:22 UTC	1.9.3	109.145 requests per second	ruby 1.9.3p125 (2012-02-16 revision 34643) [x86_64-darwin10.8.0]
2012-04-07 05:41:11 UTC	1.9.3-head	109.405 requests per second	ruby 1.9.3p176 (2012-04-04 revision 35238) [x86_64-darwin10.8.0]
2012-04-07 05:58:59 UTC	ruby-head	109.83250000000001 requests per second	ruby 2.0.0dev (2012-04-07 trunk 35248) [x86_64-darwin10.8.0]
2012-04-07 06:12:59 UTC	jruby	52.4375 requests per second	jruby 1.6.7 (ruby-1.8.7-p357) (2012-02-22 3e82bc8) (Java HotSpot(TM) 64-Bit Server VM 1.6.0_31) [darwin-x86_64-java]
2012-04-07 06:39:21 UTC	jruby-head	47.1725 requests per second	jruby 1.7.0.dev (ruby-1.9.3-p139) (2012-04-07 d1a93f1) (Java HotSpot(TM) 64-Bit Server VM 1.6.0_31) [darwin-x86_64-java]
2012-04-07 07:03:38 UTC	rbx-head	73.365 requests per second	rubinius 2.0.0dev (1.8.7 29b80444 yyyy-mm-dd JI) [x86_64-apple-darwin10.8.0]
2012-04-08 04:32:07 UTC	1.8.7	75.31 requests per second	ruby 1.8.7 (2012-02-08 patchlevel 358) [i686-darwin10.8.0]
2012-04-08 04:49:11 UTC	1.8.7-head	74.88 requests per second	ruby 1.8.7 (2012-03-06 patchlevel 360) [i686-darwin10.8.0]
2012-04-08 04:58:55 UTC	1.9.2	105.21 requests per second	ruby 1.9.2p318 (2012-02-14 revision 34678) [x86_64-darwin10.8.0]
2012-04-08 05:16:47 UTC	1.9.2-head	105.2675 requests per second	ruby 1.9.2p318 (2012-02-18 revision 34677) [x86_64-darwin10.8.0]
2012-04-08 05:26:30 UTC	1.9.3	110.065 requests per second	ruby 1.9.3p125 (2012-02-16 revision 34643) [x86_64-darwin10.8.0]
2012-04-08 05:44:20 UTC	1.9.3-head	109.52499999999999 requests per second	ruby 1.9.3p178 (2012-04-08 revision 35256) [x86_64-darwin10.8.0]
2012-04-08 06:02:29 UTC	ruby-head	108.91 requests per second	ruby 2.0.0dev (2012-04-08 trunk 35258) [x86_64-darwin10.8.0]
2012-04-08 06:16:29 UTC	jruby	51.9175 requests per second	jruby 1.6.7 (ruby-1.8.7-p357) (2012-02-22 3e82bc8) (Java HotSpot(TM) 64-Bit Server VM 1.6.0_31) [darwin-x86_64-java]
2012-04-08 06:43:07 UTC	jruby-head	47.877500000000005 requests per second	jruby 1.7.0.dev (ruby-1.9.3-p139) (2012-04-08 87d7e96) (Java HotSpot(TM) 64-Bit Server VM 1.6.0_31) [darwin-x86_64-java]
2012-04-08 07:07:56 UTC	rbx-head	72.125 requests per second	rubinius 2.0.0dev (1.8.7 b4aa36e4 yyyy-mm-dd JI) [x86_64-apple-darwin10.8.0]
2012-04-10 04:33:32 UTC	1.8.7	75.065 requests per second	ruby 1.8.7 (2012-02-08 patchlevel 358) [i686-darwin10.8.0]
2012-04-10 04:46:40 UTC	1.8.7-head	74.685 requests per second	ruby 1.8.7 (2012-03-06 patchlevel 360) [i686-darwin10.8.0]
2012-04-10 04:55:23 UTC	1.9.2	104.905 requests per second	ruby 1.9.2p318 (2012-02-14 revision 34678) [x86_64-darwin10.8.0]
2012-04-10 05:11:54 UTC	1.9.2-head	105.1075 requests per second	ruby 1.9.2p318 (2012-02-18 revision 34677) [x86_64-darwin10.8.0]
2012-04-10 05:21:36 UTC	1.9.3	108.875 requests per second	ruby 1.9.3p125 (2012-02-16 revision 34643) [x86_64-darwin10.8.0]
2012-04-10 05:38:33 UTC	1.9.3-head	100.02499999999999 requests per second	ruby 1.9.3p178 (2012-04-08 revision 35256) [x86_64-darwin10.8.0]
2012-04-10 05:55:36 UTC	ruby-head	101.29 requests per second	ruby 2.0.0dev (2012-04-10 trunk 35276) [x86_64-darwin10.8.0]
2012-04-10 06:09:32 UTC	jruby	51.49 requests per second	jruby 1.6.7 (ruby-1.8.7-p357) (2012-02-22 3e82bc8) (Java HotSpot(TM) 64-Bit Server VM 1.6.0_31) [darwin-x86_64-java]
2012-04-10 06:36:55 UTC	jruby-head	45.82 requests per second	jruby 1.7.0.dev (ruby-1.9.3-p139) (2012-04-10 96f32d2) (Java HotSpot(TM) 64-Bit Server VM 1.6.0_31) [darwin-x86_64-java]
2012-04-12 04:30:12 UTC	1.8.7	73.8975 requests per second	ruby 1.8.7 (2012-02-08 patchlevel 358) [i686-darwin10.8.0]
2012-04-18 04:29:21 UTC	1.8.7	74.5825 requests per second	ruby 1.8.7 (2012-02-08 patchlevel 358) [i686-darwin10.8.0]
2012-04-18 04:42:23 UTC	1.8.7-head	74.4475 requests per second	ruby 1.8.7 (2012-04-14 patchlevel 361) [i686-darwin10.8.0]
2012-04-18 04:51:07 UTC	1.9.2	106.4675 requests per second	ruby 1.9.2p318 (2012-02-14 revision 34678) [x86_64-darwin10.8.0]
2012-04-18 05:07:41 UTC	1.9.2-head	105.64999999999999 requests per second	ruby 1.9.2p318 (2012-02-18 revision 34677) [x86_64-darwin10.8.0]
2012-04-18 05:17:24 UTC	1.9.3	110.7425 requests per second	ruby 1.9.3p125 (2012-02-16 revision 34643) [x86_64-darwin10.8.0]
2012-04-18 05:34:19 UTC	1.9.3-head	99.8775 requests per second	ruby 1.9.3p189 (2012-04-17 revision 35369) [x86_64-darwin10.8.0]
2012-04-18 05:51:19 UTC	ruby-head	111.54 requests per second	ruby 2.0.0dev (2012-04-18 trunk 35384) [x86_64-darwin10.8.0]
2012-04-18 06:05:19 UTC	jruby	52.5825 requests per second	jruby 1.6.7 (ruby-1.8.7-p357) (2012-02-22 3e82bc8) (Java HotSpot(TM) 64-Bit Server VM 1.6.0_31) [darwin-x86_64-java]
2012-04-18 06:32:37 UTC	jruby-head	46.592499999999994 requests per second	jruby 1.7.0.dev (ruby-1.9.3-p139) (2012-04-18 ee3ddd6) (Java HotSpot(TM) 64-Bit Server VM 1.6.0_31) [darwin-x86_64-java]
2012-04-20 04:30:25 UTC	1.8.7	74.8825 requests per second	ruby 1.8.7 (2012-02-08 patchlevel 358) [i686-darwin10.8.0]
2012-04-20 04:43:30 UTC	1.8.7-head	74.9725 requests per second	ruby 1.8.7 (2012-04-14 patchlevel 361) [i686-darwin10.8.0]
2012-04-20 04:52:14 UTC	1.9.2	105.49000000000001 requests per second	ruby 1.9.2p318 (2012-02-14 revision 34678) [x86_64-darwin10.8.0]
2012-04-20 05:11:02 UTC	1.9.2-head	105.07000000000001 requests per second	ruby 1.9.2p320 (2012-04-20 revision 35413) [x86_64-darwin10.8.0]
2012-04-20 05:20:45 UTC	1.9.3	107.82000000000001 requests per second	ruby 1.9.3p125 (2012-02-16 revision 34643) [x86_64-darwin10.8.0]
2012-04-20 05:38:00 UTC	1.9.3-head	100.1875 requests per second	ruby 1.9.3p195 (2012-04-20 revision 35412) [x86_64-darwin10.8.0]
2012-04-20 05:55:12 UTC	ruby-head	112.01 requests per second	ruby 2.0.0dev (2012-04-20 trunk 35411) [x86_64-darwin10.8.0]
2012-04-20 06:10:12 UTC	jruby	51.2 requests per second	jruby 1.6.7 (ruby-1.8.7-p357) (2012-02-22 3e82bc8) (Java HotSpot(TM) 64-Bit Server VM 1.6.0_31) [darwin-x86_64-java]
2012-04-20 06:38:47 UTC	jruby-head	47.317499999999995 requests per second	jruby 1.7.0.dev (ruby-1.9.3-p139) (2012-04-20 f882e9d) (Java HotSpot(TM) 64-Bit Server VM 1.6.0_31) [darwin-x86_64-java]
2012-04-22 04:29:23 UTC	1.8.7	75.1625 requests per second	ruby 1.8.7 (2012-02-08 patchlevel 358) [i686-darwin10.8.0]
2012-04-22 04:42:35 UTC	1.8.7-head	75.235 requests per second	ruby 1.8.7 (2012-04-14 patchlevel 361) [i686-darwin10.8.0]
2012-04-22 04:59:26 UTC	1.9.2	104.98500000000001 requests per second	ruby 1.9.2p320 (2012-04-20 revision 35421) [x86_64-darwin10.8.0]
2012-04-22 05:16:01 UTC	1.9.2-head	105.3775 requests per second	ruby 1.9.2p320 (2012-04-20 revision 35413) [x86_64-darwin10.8.0]
2012-04-22 05:34:20 UTC	1.9.3	109.56 requests per second	ruby 1.9.3p194 (2012-04-20 revision 35410) [x86_64-darwin10.8.0]
2012-04-22 05:51:25 UTC	1.9.3-head	100.49 requests per second	ruby 1.9.3p196 (2012-04-21 revision 35416) [x86_64-darwin10.8.0]
2012-04-22 06:08:33 UTC	ruby-head	111.4075 requests per second	ruby 2.0.0dev (2012-04-22 trunk 35423) [x86_64-darwin10.8.0]
2012-04-22 06:22:33 UTC	jruby	52.1025 requests per second	jruby 1.6.7 (ruby-1.8.7-p357) (2012-02-22 3e82bc8) (Java HotSpot(TM) 64-Bit Server VM 1.6.0_31) [darwin-x86_64-java]
2012-04-24 04:29:22 UTC	1.8.7	74.675 requests per second	ruby 1.8.7 (2012-02-08 patchlevel 358) [i686-darwin10.8.0]
2012-04-24 04:42:32 UTC	1.8.7-head	74.8675 requests per second	ruby 1.8.7 (2012-04-14 patchlevel 361) [i686-darwin10.8.0]
2012-04-24 04:51:16 UTC	1.9.2	105.6325 requests per second	ruby 1.9.2p320 (2012-04-20 revision 35421) [x86_64-darwin10.8.0]
2012-04-24 05:07:46 UTC	1.9.2-head	105.395 requests per second	ruby 1.9.2p320 (2012-04-20 revision 35413) [x86_64-darwin10.8.0]
2012-04-24 05:17:29 UTC	1.9.3	110.68 requests per second	ruby 1.9.3p194 (2012-04-20 revision 35410) [x86_64-darwin10.8.0]
2012-04-24 05:34:25 UTC	1.9.3-head	100.3 requests per second	ruby 1.9.3p196 (2012-04-21 revision 35416) [x86_64-darwin10.8.0]
2012-04-24 05:51:29 UTC	ruby-head	106.75 requests per second	ruby 2.0.0dev (2012-04-24 trunk 35452) [x86_64-darwin10.8.0]
2012-04-24 06:05:30 UTC	jruby	52.0 requests per second	jruby 1.6.7 (ruby-1.8.7-p357) (2012-02-22 3e82bc8) (Java HotSpot(TM) 64-Bit Server VM 1.6.0_31) [darwin-x86_64-java]
2012-04-25 04:29:22 UTC	1.8.7	75.0275 requests per second	ruby 1.8.7 (2012-02-08 patchlevel 358) [i686-darwin10.8.0]
2012-04-25 04:42:29 UTC	1.8.7-head	75.155 requests per second	ruby 1.8.7 (2012-04-14 patchlevel 361) [i686-darwin10.8.0]
2012-04-25 04:51:13 UTC	1.9.2	105.85499999999999 requests per second	ruby 1.9.2p320 (2012-04-20 revision 35421) [x86_64-darwin10.8.0]
2012-04-25 05:07:50 UTC	1.9.2-head	105.5625 requests per second	ruby 1.9.2p320 (2012-04-20 revision 35413) [x86_64-darwin10.8.0]
2012-04-25 05:17:32 UTC	1.9.3	109.965 requests per second	ruby 1.9.3p194 (2012-04-20 revision 35410) [x86_64-darwin10.8.0]
2012-04-25 05:34:35 UTC	1.9.3-head	100.495 requests per second	ruby 1.9.3p200 (2012-04-25 revision 35469) [x86_64-darwin10.8.0]
2012-04-25 05:51:46 UTC	ruby-head	109.6725 requests per second	ruby 2.0.0dev (2012-04-25 trunk 35468) [x86_64-darwin10.8.0]
2012-04-25 06:05:46 UTC	jruby	52.6825 requests per second	jruby 1.6.7 (ruby-1.8.7-p357) (2012-02-22 3e82bc8) (Java HotSpot(TM) 64-Bit Server VM 1.6.0_31) [darwin-x86_64-java]
2012-04-29 04:29:22 UTC	1.8.7	74.5775 requests per second	ruby 1.8.7 (2012-02-08 patchlevel 358) [i686-darwin10.8.0]
2012-04-29 04:42:36 UTC	1.8.7-head	75.125 requests per second	ruby 1.8.7 (2012-04-14 patchlevel 361) [i686-darwin10.8.0]
2012-04-29 04:51:20 UTC	1.9.2	105.9875 requests per second	ruby 1.9.2p320 (2012-04-20 revision 35421) [x86_64-darwin10.8.0]
2012-04-29 05:07:58 UTC	1.9.2-head	105.35750000000002 requests per second	ruby 1.9.2p320 (2012-04-20 revision 35413) [x86_64-darwin10.8.0]
2012-04-29 05:17:41 UTC	1.9.3	108.995 requests per second	ruby 1.9.3p194 (2012-04-20 revision 35410) [x86_64-darwin10.8.0]
2012-04-29 05:34:42 UTC	1.9.3-head	100.07 requests per second	ruby 1.9.3p202 (2012-04-27 revision 35484) [x86_64-darwin10.8.0]
2012-04-29 05:51:50 UTC	ruby-head	109.02250000000001 requests per second	ruby 2.0.0dev (2012-04-29 trunk 35491) [x86_64-darwin10.8.0]
2012-04-29 06:05:50 UTC	jruby	52.45 requests per second	jruby 1.6.7 (ruby-1.8.7-p357) (2012-02-22 3e82bc8) (Java HotSpot(TM) 64-Bit Server VM 1.6.0_31) [darwin-x86_64-java]
2012-04-29 06:33:29 UTC	jruby-head	48.1625 requests per second	jruby 1.7.0.dev (ruby-1.9.3-p139) (2012-04-29 3b4ea85) (Java HotSpot(TM) 64-Bit Server VM 1.6.0_31) [darwin-x86_64-java]
2012-04-30 04:29:22 UTC	1.8.7	74.7475 requests per second	ruby 1.8.7 (2012-02-08 patchlevel 358) [i686-darwin10.8.0]
2012-04-30 04:42:32 UTC	1.8.7-head	74.7475 requests per second	ruby 1.8.7 (2012-04-14 patchlevel 361) [i686-darwin10.8.0]
2012-04-30 04:51:15 UTC	1.9.2	105.5975 requests per second	ruby 1.9.2p320 (2012-04-20 revision 35421) [x86_64-darwin10.8.0]
2012-04-30 05:07:47 UTC	1.9.2-head	106.11500000000001 requests per second	ruby 1.9.2p320 (2012-04-20 revision 35413) [x86_64-darwin10.8.0]
2012-04-30 05:17:30 UTC	1.9.3	110.445 requests per second	ruby 1.9.3p194 (2012-04-20 revision 35410) [x86_64-darwin10.8.0]
2012-04-30 05:34:23 UTC	1.9.3-head	99.57749999999999 requests per second	ruby 1.9.3p202 (2012-04-27 revision 35484) [x86_64-darwin10.8.0]
2012-04-30 05:51:30 UTC	ruby-head	108.775 requests per second	ruby 2.0.0dev (2012-04-30 trunk 35495) [x86_64-darwin10.8.0]
2012-04-30 06:05:32 UTC	jruby	51.9675 requests per second	jruby 1.6.7 (ruby-1.8.7-p357) (2012-02-22 3e82bc8) (Java HotSpot(TM) 64-Bit Server VM 1.6.0_31) [darwin-x86_64-java]
2012-04-30 06:33:05 UTC	jruby-head	47.6325 requests per second	jruby 1.7.0.dev (ruby-1.9.3-p139) (2012-04-30 b7b7312) (Java HotSpot(TM) 64-Bit Server VM 1.6.0_31) [darwin-x86_64-java]
2012-05-02 04:29:23 UTC	1.8.7	74.7475 requests per second	ruby 1.8.7 (2012-02-08 patchlevel 358) [i686-darwin10.8.0]
2012-05-02 04:42:33 UTC	1.8.7-head	75.0725 requests per second	ruby 1.8.7 (2012-04-14 patchlevel 361) [i686-darwin10.8.0]
2012-05-02 04:51:17 UTC	1.9.2	105.72500000000001 requests per second	ruby 1.9.2p320 (2012-04-20 revision 35421) [x86_64-darwin10.8.0]
2012-05-02 05:07:55 UTC	1.9.2-head	105.2875 requests per second	ruby 1.9.2p320 (2012-04-20 revision 35413) [x86_64-darwin10.8.0]
2012-05-02 05:17:37 UTC	1.9.3	110.11 requests per second	ruby 1.9.3p194 (2012-04-20 revision 35410) [x86_64-darwin10.8.0]
2012-05-02 05:34:38 UTC	1.9.3-head	100.4275 requests per second	ruby 1.9.3p202 (2012-04-27 revision 35484) [x86_64-darwin10.8.0]
2012-05-02 05:51:48 UTC	ruby-head	110.03 requests per second	ruby 2.0.0dev (2012-05-02 trunk 35518) [x86_64-darwin10.8.0]
2012-05-02 06:05:48 UTC	jruby	52.03 requests per second	jruby 1.6.7 (ruby-1.8.7-p357) (2012-02-22 3e82bc8) (Java HotSpot(TM) 64-Bit Server VM 1.6.0_31) [darwin-x86_64-java]
2012-05-02 06:35:30 UTC	jruby-head	48.445 requests per second	jruby 1.7.0.dev (ruby-1.9.3-p139) (2012-05-02 8f3abfb) (Java HotSpot(TM) 64-Bit Server VM 1.6.0_31) [darwin-x86_64-java]
